part,period1,period2,period3,period4,operation_sequence
A,30,55,30,0,1>5>60>2>7>4>3
A,30,55,30,0,1>5>60>14>3
A,30,55,30,0,1>5>60>15
B,45,0,45,55,1>5>11>6>2>7>10>4>3>8>9
B,45,0,45,55,1>5>6>2>7>10>4>12>8>9
B,45,0,45,55,1>5>11>6>2>7>4>3>13>9
B,45,0,45,55,1>5>6>2>7>4>12>13>9
B,45,0,45,55,1>5>11>6>14>10>3>8>9
B,45,0,45,55,1>5>6>14>10>12>8>9
B,45,0,45,55,1>5>11>6>14>3>13>9
B,45,0,45,55,1>5>6>14>12>13>9
B,45,0,45,55,1>5>11>6>15>10>8>9
B,45,0,45,55,1>5>11>6>15>13>9
B,45,0,45,55,1>5>11>6>16>3>9
B,45,0,45,55,1>5>6>16>12>9
B,45,0,45,55,1>5>11>6>17>9
