machine,configuration,os1,os2,os3,os4,os5,os6,os6',os7,os8,os9,os10,os11,os12,os13,os14,os15,os16,os17,cost,basic_modules,auxiliary_modules
M1,MC11,120,180,120,180,,30,40,200,,,,150,60,120,90,60,,,860,1,11
M1,MC12,240,360,240,360,,60,80,400,,,,300,120,240,180,120,,,1140,1,11;12
M1,MC13,360,540,360,540,,90,120,600,,,,450,180,360,270,180,,,1420,1,11;12;13
M1,MC14,480,720,480,720,,120,160,800,,,,600,240,480,360,240,,,1700,1,11;12;13;14
M1,MC15,120,180,120,180,60,30,40,200,180,90,200,150,60,120,90,60,60,40,1010,1,11;15
M2,MC21,,,120,,,30,40,,,,,,,,,,,,385,2,21
M2,MC22,,,240,,,60,80,,,,,,,,,,,,555,2,21;22
M2,MC23,,,360,,,90,120,,,,,,,,,,,,725,2,21;22;23
M2,MC24,,,480,,,120,160,,,,,,,,,,,,895,2,21;22;23;24
