machine,configuration,operation,production_rate
M1,MC11,1,120
M1,MC11,2,180
M1,MC11,3,120
M1,MC11,4,180
M1,MC11,6,30
M1,MC11,7,200
M1,MC11,11,150
M1,MC11,12,40
M1,MC12,1,240
M1,MC12,2,360
M1,MC12,3,240
M1,MC12,4,360
M1,MC12,6,60
M1,MC12,7,400
M1,MC12,11,300
M1,MC12,12,80
M1,MC13,1,360
M1,MC13,2,540
M1,MC13,3,360
M1,MC13,4,540
M1,MC13,6,90
M1,MC13,7,600
M1,MC13,11,450
M1,MC13,12,120
M1,MC14,1,480
M1,MC14,2,720
M1,MC14,3,480
M1,MC14,4,720
M1,MC14,6,120
M1,MC14,7,800
M1,MC14,11,600
M1,MC14,12,160
M1,MC15,1,120
M1,MC15,2,180
M1,MC15,3,120
M1,MC15,4,180
M1,MC15,5,60
M1,MC15,6,30
M1,MC15,7,200
M1,MC15,8,180
M1,MC15,9,90
M1,MC15,10,200
M1,MC15,11,150
M1,MC15,12,40
M2,MC21,3,120
M2,MC21,6,30
M2,MC21,12,40
M2,MC22,3,240
M2,MC22,6,60
M2,MC22,12,80
M2,MC23,3,360
M2,MC23,6,90
M2,MC23,12,120
M2,MC24,3,480
M2,MC24,6,120
M2,MC24,12,160
M1,MC11,112,60
M1,MC12,112,120
M1,MC13,112,180
M1,MC14,112,240
M1,MC15,112,60
M1,MC11,113,120
M1,MC12,113,240
M1,MC13,113,360
M1,MC14,113,480
M1,MC15,113,120
M1,MC11,114,90
M1,MC12,114,180
M1,MC13,114,270
M1,MC14,114,360
M1,MC15,114,90
M1,MC11,115,60
M1,MC12,115,120
M1,MC13,115,180
M1,MC14,115,240
M1,MC15,115,60
M1,MC15,116,60
M1,MC15,117,40
