experiment_id,part_count,overlap,sequence_mode,utilization,seed,demand_file,route_operation_count,period_total,total_demand,layout_name,rmt_table
p1_random_u050_s01,1,random,random,0.5,1,Data/demands/exp_random/p1/p1_random_u050_s01.csv,2,"38,56,48,43",185,layout_18,table_1
p1_random_u050_s01,1,random,random,0.5,1,Data/demands/exp_random/p1/p1_random_u050_s01.csv,2,"38,56,48,43",185,layout_22,table_1
p1_random_u050_s01,1,random,random,0.5,1,Data/demands/exp_random/p1/p1_random_u050_s01.csv,2,"38,56,48,43",185,layout_32,table_1
p1_random_u050_s01,1,random,random,0.5,1,Data/demands/exp_random/p1/p1_random_u050_s01.csv,2,"38,56,48,43",185,layout_37,table_1
p1_random_u050_s02,1,random,random,0.5,2,Data/demands/exp_random/p1/p1_random_u050_s02.csv,2,"33,58,46,48",185,layout_18,table_1
p1_random_u050_s02,1,random,random,0.5,2,Data/demands/exp_random/p1/p1_random_u050_s02.csv,2,"33,58,46,48",185,layout_22,table_1
p1_random_u050_s02,1,random,random,0.5,2,Data/demands/exp_random/p1/p1_random_u050_s02.csv,2,"33,58,46,48",185,layout_32,table_1
p1_random_u050_s02,1,random,random,0.5,2,Data/demands/exp_random/p1/p1_random_u050_s02.csv,2,"33,58,46,48",185,layout_37,table_1
p1_random_u050_s03,1,random,random,0.5,3,Data/demands/exp_random/p1/p1_random_u050_s03.csv,2,"37,53,51,44",185,layout_18,table_1
p1_random_u050_s03,1,random,random,0.5,3,Data/demands/exp_random/p1/p1_random_u050_s03.csv,2,"37,53,51,44",185,layout_22,table_1
p1_random_u050_s03,1,random,random,0.5,3,Data/demands/exp_random/p1/p1_random_u050_s03.csv,2,"37,53,51,44",185,layout_32,table_1
p1_random_u050_s03,1,random,random,0.5,3,Data/demands/exp_random/p1/p1_random_u050_s03.csv,2,"37,53,51,44",185,layout_37,table_1
p1_random_u050_s04,1,random,random,0.5,4,Data/demands/exp_random/p1/p1_random_u050_s04.csv,2,"35,54,52,44",185,layout_18,table_1
p1_random_u050_s04,1,random,random,0.5,4,Data/demands/exp_random/p1/p1_random_u050_s04.csv,2,"35,54,52,44",185,layout_22,table_1
p1_random_u050_s04,1,random,random,0.5,4,Data/demands/exp_random/p1/p1_random_u050_s04.csv,2,"35,54,52,44",185,layout_32,table_1
p1_random_u050_s04,1,random,random,0.5,4,Data/demands/exp_random/p1/p1_random_u050_s04.csv,2,"35,54,52,44",185,layout_37,table_1
p1_random_u050_s05,1,random,random,0.5,5,Data/demands/exp_random/p1/p1_random_u050_s05.csv,2,"33,55,50,47",185,layout_18,table_1
p1_random_u050_s05,1,random,random,0.5,5,Data/demands/exp_random/p1/p1_random_u050_s05.csv,2,"33,55,50,47",185,layout_22,table_1
p1_random_u050_s05,1,random,random,0.5,5,Data/demands/exp_random/p1/p1_random_u050_s05.csv,2,"33,55,50,47",185,layout_32,table_1
p1_random_u050_s05,1,random,random,0.5,5,Data/demands/exp_random/p1/p1_random_u050_s05.csv,2,"33,55,50,47",185,layout_37,table_1
p1_random_u075_s01,1,random,random,0.75,1,Data/demands/exp_random/p1/p1_random_u075_s01.csv,2,"52,84,72,70",278,layout_18,table_1
p1_random_u075_s01,1,random,random,0.75,1,Data/demands/exp_random/p1/p1_random_u075_s01.csv,2,"52,84,72,70",278,layout_22,table_1
p1_random_u075_s01,1,random,random,0.75,1,Data/demands/exp_random/p1/p1_random_u075_s01.csv,2,"52,84,72,70",278,layout_32,table_1
p1_random_u075_s01,1,random,random,0.75,1,Data/demands/exp_random/p1/p1_random_u075_s01.csv,2,"52,84,72,70",278,layout_37,table_1
p1_random_u075_s02,1,random,random,0.75,2,Data/demands/exp_random/p1/p1_random_u075_s02.csv,2,"49,79,81,69",278,layout_18,table_1
p1_random_u075_s02,1,random,random,0.75,2,Data/demands/exp_random/p1/p1_random_u075_s02.csv,2,"49,79,81,69",278,layout_22,table_1
p1_random_u075_s02,1,random,random,0.75,2,Data/demands/exp_random/p1/p1_random_u075_s02.csv,2,"49,79,81,69",278,layout_32,table_1
p1_random_u075_s02,1,random,random,0.75,2,Data/demands/exp_random/p1/p1_random_u075_s02.csv,2,"49,79,81,69",278,layout_37,table_1
p1_random_u075_s03,1,random,random,0.75,3,Data/demands/exp_random/p1/p1_random_u075_s03.csv,2,"53,81,82,62",278,layout_18,table_1
p1_random_u075_s03,1,random,random,0.75,3,Data/demands/exp_random/p1/p1_random_u075_s03.csv,2,"53,81,82,62",278,layout_22,table_1
p1_random_u075_s03,1,random,random,0.75,3,Data/demands/exp_random/p1/p1_random_u075_s03.csv,2,"53,81,82,62",278,layout_32,table_1
p1_random_u075_s03,1,random,random,0.75,3,Data/demands/exp_random/p1/p1_random_u075_s03.csv,2,"53,81,82,62",278,layout_37,table_1
p1_random_u075_s04,1,random,random,0.75,4,Data/demands/exp_random/p1/p1_random_u075_s04.csv,2,"57,83,75,63",278,layout_18,table_1
p1_random_u075_s04,1,random,random,0.75,4,Data/demands/exp_random/p1/p1_random_u075_s04.csv,2,"57,83,75,63",278,layout_22,table_1
p1_random_u075_s04,1,random,random,0.75,4,Data/demands/exp_random/p1/p1_random_u075_s04.csv,2,"57,83,75,63",278,layout_32,table_1
p1_random_u075_s04,1,random,random,0.75,4,Data/demands/exp_random/p1/p1_random_u075_s04.csv,2,"57,83,75,63",278,layout_37,table_1
p1_random_u075_s05,1,random,random,0.75,5,Data/demands/exp_random/p1/p1_random_u075_s05.csv,2,"50,79,80,69",278,layout_18,table_1
p1_random_u075_s05,1,random,random,0.75,5,Data/demands/exp_random/p1/p1_random_u075_s05.csv,2,"50,79,80,69",278,layout_22,table_1
p1_random_u075_s05,1,random,random,0.75,5,Data/demands/exp_random/p1/p1_random_u075_s05.csv,2,"50,79,80,69",278,layout_32,table_1
p1_random_u075_s05,1,random,random,0.75,5,Data/demands/exp_random/p1/p1_random_u075_s05.csv,2,"50,79,80,69",278,layout_37,table_1
p1_random_u100_s01,1,random,random,1.0,1,Data/demands/exp_random/p1/p1_random_u100_s01.csv,2,"74,116,94,86",370,layout_18,table_1
p1_random_u100_s01,1,random,random,1.0,1,Data/demands/exp_random/p1/p1_random_u100_s01.csv,2,"74,116,94,86",370,layout_22,table_1
p1_random_u100_s01,1,random,random,1.0,1,Data/demands/exp_random/p1/p1_random_u100_s01.csv,2,"74,116,94,86",370,layout_32,table_1
p1_random_u100_s01,1,random,random,1.0,1,Data/demands/exp_random/p1/p1_random_u100_s01.csv,2,"74,116,94,86",370,layout_37,table_1
p1_random_u100_s02,1,random,random,1.0,2,Data/demands/exp_random/p1/p1_random_u100_s02.csv,2,"69,114,100,87",370,layout_18,table_1
p1_random_u100_s02,1,random,random,1.0,2,Data/demands/exp_random/p1/p1_random_u100_s02.csv,2,"69,114,100,87",370,layout_22,table_1
p1_random_u100_s02,1,random,random,1.0,2,Data/demands/exp_random/p1/p1_random_u100_s02.csv,2,"69,114,100,87",370,layout_32,table_1
p1_random_u100_s02,1,random,random,1.0,2,Data/demands/exp_random/p1/p1_random_u100_s02.csv,2,"69,114,100,87",370,layout_37,table_1
p1_random_u100_s03,1,random,random,1.0,3,Data/demands/exp_random/p1/p1_random_u100_s03.csv,2,"66,111,96,97",370,layout_18,table_1
p1_random_u100_s03,1,random,random,1.0,3,Data/demands/exp_random/p1/p1_random_u100_s03.csv,2,"66,111,96,97",370,layout_22,table_1
p1_random_u100_s03,1,random,random,1.0,3,Data/demands/exp_random/p1/p1_random_u100_s03.csv,2,"66,111,96,97",370,layout_32,table_1
p1_random_u100_s03,1,random,random,1.0,3,Data/demands/exp_random/p1/p1_random_u100_s03.csv,2,"66,111,96,97",370,layout_37,table_1
p1_random_u100_s04,1,random,random,1.0,4,Data/demands/exp_random/p1/p1_random_u100_s04.csv,2,"75,103,97,95",370,layout_18,table_1
p1_random_u100_s04,1,random,random,1.0,4,Data/demands/exp_random/p1/p1_random_u100_s04.csv,2,"75,103,97,95",370,layout_22,table_1
p1_random_u100_s04,1,random,random,1.0,4,Data/demands/exp_random/p1/p1_random_u100_s04.csv,2,"75,103,97,95",370,layout_32,table_1
p1_random_u100_s04,1,random,random,1.0,4,Data/demands/exp_random/p1/p1_random_u100_s04.csv,2,"75,103,97,95",370,layout_37,table_1
p1_random_u100_s05,1,random,random,1.0,5,Data/demands/exp_random/p1/p1_random_u100_s05.csv,2,"72,115,100,83",370,layout_18,table_1
p1_random_u100_s05,1,random,random,1.0,5,Data/demands/exp_random/p1/p1_random_u100_s05.csv,2,"72,115,100,83",370,layout_22,table_1
p1_random_u100_s05,1,random,random,1.0,5,Data/demands/exp_random/p1/p1_random_u100_s05.csv,2,"72,115,100,83",370,layout_32,table_1
p1_random_u100_s05,1,random,random,1.0,5,Data/demands/exp_random/p1/p1_random_u100_s05.csv,2,"72,115,100,83",370,layout_37,table_1
p1_random_u125_s01,1,random,random,1.25,1,Data/demands/exp_random/p1/p1_random_u125_s01.csv,2,"93,136,116,117",462,layout_18,table_1
p1_random_u125_s01,1,random,random,1.25,1,Data/demands/exp_random/p1/p1_random_u125_s01.csv,2,"93,136,116,117",462,layout_22,table_1
p1_random_u125_s01,1,random,random,1.25,1,Data/demands/exp_random/p1/p1_random_u125_s01.csv,2,"93,136,116,117",462,layout_32,table_1
p1_random_u125_s01,1,random,random,1.25,1,Data/demands/exp_random/p1/p1_random_u125_s01.csv,2,"93,136,116,117",462,layout_37,table_1
p1_random_u125_s02,1,random,random,1.25,2,Data/demands/exp_random/p1/p1_random_u125_s02.csv,2,"92,134,120,116",462,layout_18,table_1
p1_random_u125_s02,1,random,random,1.25,2,Data/demands/exp_random/p1/p1_random_u125_s02.csv,2,"92,134,120,116",462,layout_22,table_1
p1_random_u125_s02,1,random,random,1.25,2,Data/demands/exp_random/p1/p1_random_u125_s02.csv,2,"92,134,120,116",462,layout_32,table_1
p1_random_u125_s02,1,random,random,1.25,2,Data/demands/exp_random/p1/p1_random_u125_s02.csv,2,"92,134,120,116",462,layout_37,table_1
p1_random_u125_s03,1,random,random,1.25,3,Data/demands/exp_random/p1/p1_random_u125_s03.csv,2,"95,131,125,111",462,layout_18,table_1
p1_random_u125_s03,1,random,random,1.25,3,Data/demands/exp_random/p1/p1_random_u125_s03.csv,2,"95,131,125,111",462,layout_22,table_1
p1_random_u125_s03,1,random,random,1.25,3,Data/demands/exp_random/p1/p1_random_u125_s03.csv,2,"95,131,125,111",462,layout_32,table_1
p1_random_u125_s03,1,random,random,1.25,3,Data/demands/exp_random/p1/p1_random_u125_s03.csv,2,"95,131,125,111",462,layout_37,table_1
p1_random_u125_s04,1,random,random,1.25,4,Data/demands/exp_random/p1/p1_random_u125_s04.csv,2,"91,140,122,109",462,layout_18,table_1
p1_random_u125_s04,1,random,random,1.25,4,Data/demands/exp_random/p1/p1_random_u125_s04.csv,2,"91,140,122,109",462,layout_22,table_1
p1_random_u125_s04,1,random,random,1.25,4,Data/demands/exp_random/p1/p1_random_u125_s04.csv,2,"91,140,122,109",462,layout_32,table_1
p1_random_u125_s04,1,random,random,1.25,4,Data/demands/exp_random/p1/p1_random_u125_s04.csv,2,"91,140,122,109",462,layout_37,table_1
p1_random_u125_s05,1,random,random,1.25,5,Data/demands/exp_random/p1/p1_random_u125_s05.csv,2,"93,134,124,111",462,layout_18,table_1
p1_random_u125_s05,1,random,random,1.25,5,Data/demands/exp_random/p1/p1_random_u125_s05.csv,2,"93,134,124,111",462,layout_22,table_1
p1_random_u125_s05,1,random,random,1.25,5,Data/demands/exp_random/p1/p1_random_u125_s05.csv,2,"93,134,124,111",462,layout_32,table_1
p1_random_u125_s05,1,random,random,1.25,5,Data/demands/exp_random/p1/p1_random_u125_s05.csv,2,"93,134,124,111",462,layout_37,table_1
p3_random_u050_s01,3,random,random,0.5,1,Data/demands/exp_random/p3/p3_random_u050_s01.csv,4,"34,54,50,47",185,layout_18,table_1
p3_random_u050_s01,3,random,random,0.5,1,Data/demands/exp_random/p3/p3_random_u050_s01.csv,4,"34,54,50,47",185,layout_22,table_1
p3_random_u050_s01,3,random,random,0.5,1,Data/demands/exp_random/p3/p3_random_u050_s01.csv,4,"34,54,50,47",185,layout_32,table_1
p3_random_u050_s01,3,random,random,0.5,1,Data/demands/exp_random/p3/p3_random_u050_s01.csv,4,"34,54,50,47",185,layout_37,table_1
p3_random_u050_s02,3,random,random,0.5,2,Data/demands/exp_random/p3/p3_random_u050_s02.csv,7,"38,60,46,41",185,layout_18,table_1
p3_random_u050_s02,3,random,random,0.5,2,Data/demands/exp_random/p3/p3_random_u050_s02.csv,7,"38,60,46,41",185,layout_22,table_1
p3_random_u050_s02,3,random,random,0.5,2,Data/demands/exp_random/p3/p3_random_u050_s02.csv,7,"38,60,46,41",185,layout_32,table_1
p3_random_u050_s02,3,random,random,0.5,2,Data/demands/exp_random/p3/p3_random_u050_s02.csv,7,"38,60,46,41",185,layout_37,table_1
p3_random_u050_s03,3,random,random,0.5,3,Data/demands/exp_random/p3/p3_random_u050_s03.csv,8,"36,57,51,41",185,layout_18,table_1
p3_random_u050_s03,3,random,random,0.5,3,Data/demands/exp_random/p3/p3_random_u050_s03.csv,8,"36,57,51,41",185,layout_22,table_1
p3_random_u050_s03,3,random,random,0.5,3,Data/demands/exp_random/p3/p3_random_u050_s03.csv,8,"36,57,51,41",185,layout_32,table_1
p3_random_u050_s03,3,random,random,0.5,3,Data/demands/exp_random/p3/p3_random_u050_s03.csv,8,"36,57,51,41",185,layout_37,table_1
p3_random_u050_s04,3,random,random,0.5,4,Data/demands/exp_random/p3/p3_random_u050_s04.csv,6,"33,50,54,48",185,layout_18,table_1
p3_random_u050_s04,3,random,random,0.5,4,Data/demands/exp_random/p3/p3_random_u050_s04.csv,6,"33,50,54,48",185,layout_22,table_1
p3_random_u050_s04,3,random,random,0.5,4,Data/demands/exp_random/p3/p3_random_u050_s04.csv,6,"33,50,54,48",185,layout_32,table_1
p3_random_u050_s04,3,random,random,0.5,4,Data/demands/exp_random/p3/p3_random_u050_s04.csv,6,"33,50,54,48",185,layout_37,table_1
p3_random_u050_s05,3,random,random,0.5,5,Data/demands/exp_random/p3/p3_random_u050_s05.csv,7,"33,54,55,43",185,layout_18,table_1
p3_random_u050_s05,3,random,random,0.5,5,Data/demands/exp_random/p3/p3_random_u050_s05.csv,7,"33,54,55,43",185,layout_22,table_1
p3_random_u050_s05,3,random,random,0.5,5,Data/demands/exp_random/p3/p3_random_u050_s05.csv,7,"33,54,55,43",185,layout_32,table_1
p3_random_u050_s05,3,random,random,0.5,5,Data/demands/exp_random/p3/p3_random_u050_s05.csv,7,"33,54,55,43",185,layout_37,table_1
p3_random_u075_s01,3,random,random,0.75,1,Data/demands/exp_random/p3/p3_random_u075_s01.csv,4,"50,80,80,68",278,layout_18,table_1
p3_random_u075_s01,3,random,random,0.75,1,Data/demands/exp_random/p3/p3_random_u075_s01.csv,4,"50,80,80,68",278,layout_22,table_1
p3_random_u075_s01,3,random,random,0.75,1,Data/demands/exp_random/p3/p3_random_u075_s01.csv,4,"50,80,80,68",278,layout_32,table_1
p3_random_u075_s01,3,random,random,0.75,1,Data/demands/exp_random/p3/p3_random_u075_s01.csv,4,"50,80,80,68",278,layout_37,table_1
p3_random_u075_s02,3,random,random,0.75,2,Data/demands/exp_random/p3/p3_random_u075_s02.csv,7,"53,83,76,66",278,layout_18,table_1
p3_random_u075_s02,3,random,random,0.75,2,Data/demands/exp_random/p3/p3_random_u075_s02.csv,7,"53,83,76,66",278,layout_22,table_1
p3_random_u075_s02,3,random,random,0.75,2,Data/demands/exp_random/p3/p3_random_u075_s02.csv,7,"53,83,76,66",278,layout_32,table_1
p3_random_u075_s02,3,random,random,0.75,2,Data/demands/exp_random/p3/p3_random_u075_s02.csv,7,"53,83,76,66",278,layout_37,table_1
p3_random_u075_s03,3,random,random,0.75,3,Data/demands/exp_random/p3/p3_random_u075_s03.csv,8,"53,86,74,65",278,layout_18,table_1
p3_random_u075_s03,3,random,random,0.75,3,Data/demands/exp_random/p3/p3_random_u075_s03.csv,8,"53,86,74,65",278,layout_22,table_1
p3_random_u075_s03,3,random,random,0.75,3,Data/demands/exp_random/p3/p3_random_u075_s03.csv,8,"53,86,74,65",278,layout_32,table_1
p3_random_u075_s03,3,random,random,0.75,3,Data/demands/exp_random/p3/p3_random_u075_s03.csv,8,"53,86,74,65",278,layout_37,table_1
p3_random_u075_s04,3,random,random,0.75,4,Data/demands/exp_random/p3/p3_random_u075_s04.csv,6,"54,84,71,69",278,layout_18,table_1
p3_random_u075_s04,3,random,random,0.75,4,Data/demands/exp_random/p3/p3_random_u075_s04.csv,6,"54,84,71,69",278,layout_22,table_1
p3_random_u075_s04,3,random,random,0.75,4,Data/demands/exp_random/p3/p3_random_u075_s04.csv,6,"54,84,71,69",278,layout_32,table_1
p3_random_u075_s04,3,random,random,0.75,4,Data/demands/exp_random/p3/p3_random_u075_s04.csv,6,"54,84,71,69",278,layout_37,table_1
p3_random_u075_s05,3,random,random,0.75,5,Data/demands/exp_random/p3/p3_random_u075_s05.csv,7,"54,83,80,61",278,layout_18,table_1
p3_random_u075_s05,3,random,random,0.75,5,Data/demands/exp_random/p3/p3_random_u075_s05.csv,7,"54,83,80,61",278,layout_22,table_1
p3_random_u075_s05,3,random,random,0.75,5,Data/demands/exp_random/p3/p3_random_u075_s05.csv,7,"54,83,80,61",278,layout_32,table_1
p3_random_u075_s05,3,random,random,0.75,5,Data/demands/exp_random/p3/p3_random_u075_s05.csv,7,"54,83,80,61",278,layout_37,table_1
p3_random_u100_s01,3,random,random,1.0,1,Data/demands/exp_random/p3/p3_random_u100_s01.csv,4,"75,104,97,94",370,layout_18,table_1
p3_random_u100_s01,3,random,random,1.0,1,Data/demands/exp_random/p3/p3_random_u100_s01.csv,4,"75,104,97,94",370,layout_22,table_1
p3_random_u100_s01,3,random,random,1.0,1,Data/demands/exp_random/p3/p3_random_u100_s01.csv,4,"75,104,97,94",370,layout_32,table_1
p3_random_u100_s01,3,random,random,1.0,1,Data/demands/exp_random/p3/p3_random_u100_s01.csv,4,"75,104,97,94",370,layout_37,table_1
p3_random_u100_s02,3,random,random,1.0,2,Data/demands/exp_random/p3/p3_random_u100_s02.csv,7,"72,106,101,91",370,layout_18,table_1
p3_random_u100_s02,3,random,random,1.0,2,Data/demands/exp_random/p3/p3_random_u100_s02.csv,7,"72,106,101,91",370,layout_22,table_1
p3_random_u100_s02,3,random,random,1.0,2,Data/demands/exp_random/p3/p3_random_u100_s02.csv,7,"72,106,101,91",370,layout_32,table_1
p3_random_u100_s02,3,random,random,1.0,2,Data/demands/exp_random/p3/p3_random_u100_s02.csv,7,"72,106,101,91",370,layout_37,table_1
p3_random_u100_s03,3,random,random,1.0,3,Data/demands/exp_random/p3/p3_random_u100_s03.csv,8,"73,109,106,82",370,layout_18,table_1
p3_random_u100_s03,3,random,random,1.0,3,Data/demands/exp_random/p3/p3_random_u100_s03.csv,8,"73,109,106,82",370,layout_22,table_1
p3_random_u100_s03,3,random,random,1.0,3,Data/demands/exp_random/p3/p3_random_u100_s03.csv,8,"73,109,106,82",370,layout_32,table_1
p3_random_u100_s03,3,random,random,1.0,3,Data/demands/exp_random/p3/p3_random_u100_s03.csv,8,"73,109,106,82",370,layout_37,table_1
p3_random_u100_s04,3,random,random,1.0,4,Data/demands/exp_random/p3/p3_random_u100_s04.csv,6,"69,109,101,91",370,layout_18,table_1
p3_random_u100_s04,3,random,random,1.0,4,Data/demands/exp_random/p3/p3_random_u100_s04.csv,6,"69,109,101,91",370,layout_22,table_1
p3_random_u100_s04,3,random,random,1.0,4,Data/demands/exp_random/p3/p3_random_u100_s04.csv,6,"69,109,101,91",370,layout_32,table_1
p3_random_u100_s04,3,random,random,1.0,4,Data/demands/exp_random/p3/p3_random_u100_s04.csv,6,"69,109,101,91",370,layout_37,table_1
p3_random_u100_s05,3,random,random,1.0,5,Data/demands/exp_random/p3/p3_random_u100_s05.csv,7,"77,103,103,87",370,layout_18,table_1
p3_random_u100_s05,3,random,random,1.0,5,Data/demands/exp_random/p3/p3_random_u100_s05.csv,7,"77,103,103,87",370,layout_22,table_1
p3_random_u100_s05,3,random,random,1.0,5,Data/demands/exp_random/p3/p3_random_u100_s05.csv,7,"77,103,103,87",370,layout_32,table_1
p3_random_u100_s05,3,random,random,1.0,5,Data/demands/exp_random/p3/p3_random_u100_s05.csv,7,"77,103,103,87",370,layout_37,table_1
p3_random_u125_s01,3,random,random,1.25,1,Data/demands/exp_random/p3/p3_random_u125_s01.csv,4,"91,131,133,107",462,layout_18,table_1
p3_random_u125_s01,3,random,random,1.25,1,Data/demands/exp_random/p3/p3_random_u125_s01.csv,4,"91,131,133,107",462,layout_22,table_1
p3_random_u125_s01,3,random,random,1.25,1,Data/demands/exp_random/p3/p3_random_u125_s01.csv,4,"91,131,133,107",462,layout_32,table_1
p3_random_u125_s01,3,random,random,1.25,1,Data/demands/exp_random/p3/p3_random_u125_s01.csv,4,"91,131,133,107",462,layout_37,table_1
p3_random_u125_s02,3,random,random,1.25,2,Data/demands/exp_random/p3/p3_random_u125_s02.csv,7,"93,134,123,112",462,layout_18,table_1
p3_random_u125_s02,3,random,random,1.25,2,Data/demands/exp_random/p3/p3_random_u125_s02.csv,7,"93,134,123,112",462,layout_22,table_1
p3_random_u125_s02,3,random,random,1.25,2,Data/demands/exp_random/p3/p3_random_u125_s02.csv,7,"93,134,123,112",462,layout_32,table_1
p3_random_u125_s02,3,random,random,1.25,2,Data/demands/exp_random/p3/p3_random_u125_s02.csv,7,"93,134,123,112",462,layout_37,table_1
p3_random_u125_s03,3,random,random,1.25,3,Data/demands/exp_random/p3/p3_random_u125_s03.csv,8,"88,139,118,117",462,layout_18,table_1
p3_random_u125_s03,3,random,random,1.25,3,Data/demands/exp_random/p3/p3_random_u125_s03.csv,8,"88,139,118,117",462,layout_22,table_1
p3_random_u125_s03,3,random,random,1.25,3,Data/demands/exp_random/p3/p3_random_u125_s03.csv,8,"88,139,118,117",462,layout_32,table_1
p3_random_u125_s03,3,random,random,1.25,3,Data/demands/exp_random/p3/p3_random_u125_s03.csv,8,"88,139,118,117",462,layout_37,table_1
p3_random_u125_s04,3,random,random,1.25,4,Data/demands/exp_random/p3/p3_random_u125_s04.csv,6,"86,135,121,120",462,layout_18,table_1
p3_random_u125_s04,3,random,random,1.25,4,Data/demands/exp_random/p3/p3_random_u125_s04.csv,6,"86,135,121,120",462,layout_22,table_1
p3_random_u125_s04,3,random,random,1.25,4,Data/demands/exp_random/p3/p3_random_u125_s04.csv,6,"86,135,121,120",462,layout_32,table_1
p3_random_u125_s04,3,random,random,1.25,4,Data/demands/exp_random/p3/p3_random_u125_s04.csv,6,"86,135,121,120",462,layout_37,table_1
p3_random_u125_s05,3,random,random,1.25,5,Data/demands/exp_random/p3/p3_random_u125_s05.csv,7,"89,128,123,122",462,layout_18,table_1
p3_random_u125_s05,3,random,random,1.25,5,Data/demands/exp_random/p3/p3_random_u125_s05.csv,7,"89,128,123,122",462,layout_22,table_1
p3_random_u125_s05,3,random,random,1.25,5,Data/demands/exp_random/p3/p3_random_u125_s05.csv,7,"89,128,123,122",462,layout_32,table_1
p3_random_u125_s05,3,random,random,1.25,5,Data/demands/exp_random/p3/p3_random_u125_s05.csv,7,"89,128,123,122",462,layout_37,table_1
p5_random_u050_s01,5,random,random,0.5,1,Data/demands/exp_random/p5/p5_random_u050_s01.csv,9,"38,51,48,48",185,layout_18,table_1
p5_random_u050_s01,5,random,random,0.5,1,Data/demands/exp_random/p5/p5_random_u050_s01.csv,9,"38,51,48,48",185,layout_22,table_1
p5_random_u050_s01,5,random,random,0.5,1,Data/demands/exp_random/p5/p5_random_u050_s01.csv,9,"38,51,48,48",185,layout_32,table_1
p5_random_u050_s01,5,random,random,0.5,1,Data/demands/exp_random/p5/p5_random_u050_s01.csv,9,"38,51,48,48",185,layout_37,table_1
p5_random_u050_s02,5,random,random,0.5,2,Data/demands/exp_random/p5/p5_random_u050_s02.csv,11,"33,52,55,45",185,layout_18,table_1
p5_random_u050_s02,5,random,random,0.5,2,Data/demands/exp_random/p5/p5_random_u050_s02.csv,11,"33,52,55,45",185,layout_22,table_1
p5_random_u050_s02,5,random,random,0.5,2,Data/demands/exp_random/p5/p5_random_u050_s02.csv,11,"33,52,55,45",185,layout_32,table_1
p5_random_u050_s02,5,random,random,0.5,2,Data/demands/exp_random/p5/p5_random_u050_s02.csv,11,"33,52,55,45",185,layout_37,table_1
p5_random_u050_s03,5,random,random,0.5,3,Data/demands/exp_random/p5/p5_random_u050_s03.csv,8,"34,54,49,48",185,layout_18,table_1
p5_random_u050_s03,5,random,random,0.5,3,Data/demands/exp_random/p5/p5_random_u050_s03.csv,8,"34,54,49,48",185,layout_22,table_1
p5_random_u050_s03,5,random,random,0.5,3,Data/demands/exp_random/p5/p5_random_u050_s03.csv,8,"34,54,49,48",185,layout_32,table_1
p5_random_u050_s03,5,random,random,0.5,3,Data/demands/exp_random/p5/p5_random_u050_s03.csv,8,"34,54,49,48",185,layout_37,table_1
p5_random_u050_s04,5,random,random,0.5,4,Data/demands/exp_random/p5/p5_random_u050_s04.csv,10,"35,52,51,47",185,layout_18,table_1
p5_random_u050_s04,5,random,random,0.5,4,Data/demands/exp_random/p5/p5_random_u050_s04.csv,10,"35,52,51,47",185,layout_22,table_1
p5_random_u050_s04,5,random,random,0.5,4,Data/demands/exp_random/p5/p5_random_u050_s04.csv,10,"35,52,51,47",185,layout_32,table_1
p5_random_u050_s04,5,random,random,0.5,4,Data/demands/exp_random/p5/p5_random_u050_s04.csv,10,"35,52,51,47",185,layout_37,table_1
p5_random_u050_s05,5,random,random,0.5,5,Data/demands/exp_random/p5/p5_random_u050_s05.csv,10,"38,50,49,48",185,layout_18,table_1
p5_random_u050_s05,5,random,random,0.5,5,Data/demands/exp_random/p5/p5_random_u050_s05.csv,10,"38,50,49,48",185,layout_22,table_1
p5_random_u050_s05,5,random,random,0.5,5,Data/demands/exp_random/p5/p5_random_u050_s05.csv,10,"38,50,49,48",185,layout_32,table_1
p5_random_u050_s05,5,random,random,0.5,5,Data/demands/exp_random/p5/p5_random_u050_s05.csv,10,"38,50,49,48",185,layout_37,table_1
p5_random_u075_s01,5,random,random,0.75,1,Data/demands/exp_random/p5/p5_random_u075_s01.csv,9,"57,86,69,66",278,layout_18,table_1
p5_random_u075_s01,5,random,random,0.75,1,Data/demands/exp_random/p5/p5_random_u075_s01.csv,9,"57,86,69,66",278,layout_22,table_1
p5_random_u075_s01,5,random,random,0.75,1,Data/demands/exp_random/p5/p5_random_u075_s01.csv,9,"57,86,69,66",278,layout_32,table_1
p5_random_u075_s01,5,random,random,0.75,1,Data/demands/exp_random/p5/p5_random_u075_s01.csv,9,"57,86,69,66",278,layout_37,table_1
p5_random_u075_s02,5,random,random,0.75,2,Data/demands/exp_random/p5/p5_random_u075_s02.csv,11,"55,82,79,62",278,layout_18,table_1
p5_random_u075_s02,5,random,random,0.75,2,Data/demands/exp_random/p5/p5_random_u075_s02.csv,11,"55,82,79,62",278,layout_22,table_1
p5_random_u075_s02,5,random,random,0.75,2,Data/demands/exp_random/p5/p5_random_u075_s02.csv,11,"55,82,79,62",278,layout_32,table_1
p5_random_u075_s02,5,random,random,0.75,2,Data/demands/exp_random/p5/p5_random_u075_s02.csv,11,"55,82,79,62",278,layout_37,table_1
p5_random_u075_s03,5,random,random,0.75,3,Data/demands/exp_random/p5/p5_random_u075_s03.csv,8,"56,75,76,71",278,layout_18,table_1
p5_random_u075_s03,5,random,random,0.75,3,Data/demands/exp_random/p5/p5_random_u075_s03.csv,8,"56,75,76,71",278,layout_22,table_1
p5_random_u075_s03,5,random,random,0.75,3,Data/demands/exp_random/p5/p5_random_u075_s03.csv,8,"56,75,76,71",278,layout_32,table_1
p5_random_u075_s03,5,random,random,0.75,3,Data/demands/exp_random/p5/p5_random_u075_s03.csv,8,"56,75,76,71",278,layout_37,table_1
p5_random_u075_s04,5,random,random,0.75,4,Data/demands/exp_random/p5/p5_random_u075_s04.csv,10,"55,75,75,73",278,layout_18,table_1
p5_random_u075_s04,5,random,random,0.75,4,Data/demands/exp_random/p5/p5_random_u075_s04.csv,10,"55,75,75,73",278,layout_22,table_1
p5_random_u075_s04,5,random,random,0.75,4,Data/demands/exp_random/p5/p5_random_u075_s04.csv,10,"55,75,75,73",278,layout_32,table_1
p5_random_u075_s04,5,random,random,0.75,4,Data/demands/exp_random/p5/p5_random_u075_s04.csv,10,"55,75,75,73",278,layout_37,table_1
p5_random_u075_s05,5,random,random,0.75,5,Data/demands/exp_random/p5/p5_random_u075_s05.csv,10,"54,86,71,67",278,layout_18,table_1
p5_random_u075_s05,5,random,random,0.75,5,Data/demands/exp_random/p5/p5_random_u075_s05.csv,10,"54,86,71,67",278,layout_22,table_1
p5_random_u075_s05,5,random,random,0.75,5,Data/demands/exp_random/p5/p5_random_u075_s05.csv,10,"54,86,71,67",278,layout_32,table_1
p5_random_u075_s05,5,random,random,0.75,5,Data/demands/exp_random/p5/p5_random_u075_s05.csv,10,"54,86,71,67",278,layout_37,table_1
p5_random_u100_s01,5,random,random,1.0,1,Data/demands/exp_random/p5/p5_random_u100_s01.csv,9,"68,107,100,95",370,layout_18,table_1
p5_random_u100_s01,5,random,random,1.0,1,Data/demands/exp_random/p5/p5_random_u100_s01.csv,9,"68,107,100,95",370,layout_22,table_1
p5_random_u100_s01,5,random,random,1.0,1,Data/demands/exp_random/p5/p5_random_u100_s01.csv,9,"68,107,100,95",370,layout_32,table_1
p5_random_u100_s01,5,random,random,1.0,1,Data/demands/exp_random/p5/p5_random_u100_s01.csv,9,"68,107,100,95",370,layout_37,table_1
p5_random_u100_s02,5,random,random,1.0,2,Data/demands/exp_random/p5/p5_random_u100_s02.csv,11,"68,121,96,85",370,layout_18,table_1
p5_random_u100_s02,5,random,random,1.0,2,Data/demands/exp_random/p5/p5_random_u100_s02.csv,11,"68,121,96,85",370,layout_22,table_1
p5_random_u100_s02,5,random,random,1.0,2,Data/demands/exp_random/p5/p5_random_u100_s02.csv,11,"68,121,96,85",370,layout_32,table_1
p5_random_u100_s02,5,random,random,1.0,2,Data/demands/exp_random/p5/p5_random_u100_s02.csv,11,"68,121,96,85",370,layout_37,table_1
p5_random_u100_s03,5,random,random,1.0,3,Data/demands/exp_random/p5/p5_random_u100_s03.csv,8,"65,112,95,98",370,layout_18,table_1
p5_random_u100_s03,5,random,random,1.0,3,Data/demands/exp_random/p5/p5_random_u100_s03.csv,8,"65,112,95,98",370,layout_22,table_1
p5_random_u100_s03,5,random,random,1.0,3,Data/demands/exp_random/p5/p5_random_u100_s03.csv,8,"65,112,95,98",370,layout_32,table_1
p5_random_u100_s03,5,random,random,1.0,3,Data/demands/exp_random/p5/p5_random_u100_s03.csv,8,"65,112,95,98",370,layout_37,table_1
p5_random_u100_s04,5,random,random,1.0,4,Data/demands/exp_random/p5/p5_random_u100_s04.csv,10,"67,108,98,97",370,layout_18,table_1
p5_random_u100_s04,5,random,random,1.0,4,Data/demands/exp_random/p5/p5_random_u100_s04.csv,10,"67,108,98,97",370,layout_22,table_1
p5_random_u100_s04,5,random,random,1.0,4,Data/demands/exp_random/p5/p5_random_u100_s04.csv,10,"67,108,98,97",370,layout_32,table_1
p5_random_u100_s04,5,random,random,1.0,4,Data/demands/exp_random/p5/p5_random_u100_s04.csv,10,"67,108,98,97",370,layout_37,table_1
p5_random_u100_s05,5,random,random,1.0,5,Data/demands/exp_random/p5/p5_random_u100_s05.csv,10,"71,113,91,95",370,layout_18,table_1
p5_random_u100_s05,5,random,random,1.0,5,Data/demands/exp_random/p5/p5_random_u100_s05.csv,10,"71,113,91,95",370,layout_22,table_1
p5_random_u100_s05,5,random,random,1.0,5,Data/demands/exp_random/p5/p5_random_u100_s05.csv,10,"71,113,91,95",370,layout_32,table_1
p5_random_u100_s05,5,random,random,1.0,5,Data/demands/exp_random/p5/p5_random_u100_s05.csv,10,"71,113,91,95",370,layout_37,table_1
p5_random_u125_s01,5,random,random,1.25,1,Data/demands/exp_random/p5/p5_random_u125_s01.csv,9,"82,143,120,117",462,layout_18,table_1
p5_random_u125_s01,5,random,random,1.25,1,Data/demands/exp_random/p5/p5_random_u125_s01.csv,9,"82,143,120,117",462,layout_22,table_1
p5_random_u125_s01,5,random,random,1.25,1,Data/demands/exp_random/p5/p5_random_u125_s01.csv,9,"82,143,120,117",462,layout_32,table_1
p5_random_u125_s01,5,random,random,1.25,1,Data/demands/exp_random/p5/p5_random_u125_s01.csv,9,"82,143,120,117",462,layout_37,table_1
p5_random_u125_s02,5,random,random,1.25,2,Data/demands/exp_random/p5/p5_random_u125_s02.csv,11,"85,136,124,117",462,layout_18,table_1
p5_random_u125_s02,5,random,random,1.25,2,Data/demands/exp_random/p5/p5_random_u125_s02.csv,11,"85,136,124,117",462,layout_22,table_1
p5_random_u125_s02,5,random,random,1.25,2,Data/demands/exp_random/p5/p5_random_u125_s02.csv,11,"85,136,124,117",462,layout_32,table_1
p5_random_u125_s02,5,random,random,1.25,2,Data/demands/exp_random/p5/p5_random_u125_s02.csv,11,"85,136,124,117",462,layout_37,table_1
p5_random_u125_s03,5,random,random,1.25,3,Data/demands/exp_random/p5/p5_random_u125_s03.csv,8,"93,127,129,113",462,layout_18,table_1
p5_random_u125_s03,5,random,random,1.25,3,Data/demands/exp_random/p5/p5_random_u125_s03.csv,8,"93,127,129,113",462,layout_22,table_1
p5_random_u125_s03,5,random,random,1.25,3,Data/demands/exp_random/p5/p5_random_u125_s03.csv,8,"93,127,129,113",462,layout_32,table_1
p5_random_u125_s03,5,random,random,1.25,3,Data/demands/exp_random/p5/p5_random_u125_s03.csv,8,"93,127,129,113",462,layout_37,table_1
p5_random_u125_s04,5,random,random,1.25,4,Data/demands/exp_random/p5/p5_random_u125_s04.csv,10,"85,139,121,117",462,layout_18,table_1
p5_random_u125_s04,5,random,random,1.25,4,Data/demands/exp_random/p5/p5_random_u125_s04.csv,10,"85,139,121,117",462,layout_22,table_1
p5_random_u125_s04,5,random,random,1.25,4,Data/demands/exp_random/p5/p5_random_u125_s04.csv,10,"85,139,121,117",462,layout_32,table_1
p5_random_u125_s04,5,random,random,1.25,4,Data/demands/exp_random/p5/p5_random_u125_s04.csv,10,"85,139,121,117",462,layout_37,table_1
p5_random_u125_s05,5,random,random,1.25,5,Data/demands/exp_random/p5/p5_random_u125_s05.csv,10,"89,131,128,114",462,layout_18,table_1
p5_random_u125_s05,5,random,random,1.25,5,Data/demands/exp_random/p5/p5_random_u125_s05.csv,10,"89,131,128,114",462,layout_22,table_1
p5_random_u125_s05,5,random,random,1.25,5,Data/demands/exp_random/p5/p5_random_u125_s05.csv,10,"89,131,128,114",462,layout_32,table_1
p5_random_u125_s05,5,random,random,1.25,5,Data/demands/exp_random/p5/p5_random_u125_s05.csv,10,"89,131,128,114",462,layout_37,table_1
p7_random_u050_s01,7,random,random,0.5,1,Data/demands/exp_random/p7/p7_random_u050_s01.csv,11,"33,60,46,46",185,layout_18,table_1
p7_random_u050_s01,7,random,random,0.5,1,Data/demands/exp_random/p7/p7_random_u050_s01.csv,11,"33,60,46,46",185,layout_22,table_1
p7_random_u050_s01,7,random,random,0.5,1,Data/demands/exp_random/p7/p7_random_u050_s01.csv,11,"33,60,46,46",185,layout_32,table_1
p7_random_u050_s01,7,random,random,0.5,1,Data/demands/exp_random/p7/p7_random_u050_s01.csv,11,"33,60,46,46",185,layout_37,table_1
p7_random_u050_s02,7,random,random,0.5,2,Data/demands/exp_random/p7/p7_random_u050_s02.csv,13,"32,57,55,41",185,layout_18,table_1
p7_random_u050_s02,7,random,random,0.5,2,Data/demands/exp_random/p7/p7_random_u050_s02.csv,13,"32,57,55,41",185,layout_22,table_1
p7_random_u050_s02,7,random,random,0.5,2,Data/demands/exp_random/p7/p7_random_u050_s02.csv,13,"32,57,55,41",185,layout_32,table_1
p7_random_u050_s02,7,random,random,0.5,2,Data/demands/exp_random/p7/p7_random_u050_s02.csv,13,"32,57,55,41",185,layout_37,table_1
p7_random_u050_s03,7,random,random,0.5,3,Data/demands/exp_random/p7/p7_random_u050_s03.csv,13,"34,60,46,45",185,layout_18,table_1
p7_random_u050_s03,7,random,random,0.5,3,Data/demands/exp_random/p7/p7_random_u050_s03.csv,13,"34,60,46,45",185,layout_22,table_1
p7_random_u050_s03,7,random,random,0.5,3,Data/demands/exp_random/p7/p7_random_u050_s03.csv,13,"34,60,46,45",185,layout_32,table_1
p7_random_u050_s03,7,random,random,0.5,3,Data/demands/exp_random/p7/p7_random_u050_s03.csv,13,"34,60,46,45",185,layout_37,table_1
p7_random_u050_s04,7,random,random,0.5,4,Data/demands/exp_random/p7/p7_random_u050_s04.csv,11,"32,57,50,46",185,layout_18,table_1
p7_random_u050_s04,7,random,random,0.5,4,Data/demands/exp_random/p7/p7_random_u050_s04.csv,11,"32,57,50,46",185,layout_22,table_1
p7_random_u050_s04,7,random,random,0.5,4,Data/demands/exp_random/p7/p7_random_u050_s04.csv,11,"32,57,50,46",185,layout_32,table_1
p7_random_u050_s04,7,random,random,0.5,4,Data/demands/exp_random/p7/p7_random_u050_s04.csv,11,"32,57,50,46",185,layout_37,table_1
p7_random_u050_s05,7,random,random,0.5,5,Data/demands/exp_random/p7/p7_random_u050_s05.csv,11,"33,55,52,45",185,layout_18,table_1
p7_random_u050_s05,7,random,random,0.5,5,Data/demands/exp_random/p7/p7_random_u050_s05.csv,11,"33,55,52,45",185,layout_22,table_1
p7_random_u050_s05,7,random,random,0.5,5,Data/demands/exp_random/p7/p7_random_u050_s05.csv,11,"33,55,52,45",185,layout_32,table_1
p7_random_u050_s05,7,random,random,0.5,5,Data/demands/exp_random/p7/p7_random_u050_s05.csv,11,"33,55,52,45",185,layout_37,table_1
p7_random_u075_s01,7,random,random,0.75,1,Data/demands/exp_random/p7/p7_random_u075_s01.csv,11,"56,75,79,68",278,layout_18,table_1
p7_random_u075_s01,7,random,random,0.75,1,Data/demands/exp_random/p7/p7_random_u075_s01.csv,11,"56,75,79,68",278,layout_22,table_1
p7_random_u075_s01,7,random,random,0.75,1,Data/demands/exp_random/p7/p7_random_u075_s01.csv,11,"56,75,79,68",278,layout_32,table_1
p7_random_u075_s01,7,random,random,0.75,1,Data/demands/exp_random/p7/p7_random_u075_s01.csv,11,"56,75,79,68",278,layout_37,table_1
p7_random_u075_s02,7,random,random,0.75,2,Data/demands/exp_random/p7/p7_random_u075_s02.csv,13,"52,81,72,73",278,layout_18,table_1
p7_random_u075_s02,7,random,random,0.75,2,Data/demands/exp_random/p7/p7_random_u075_s02.csv,13,"52,81,72,73",278,layout_22,table_1
p7_random_u075_s02,7,random,random,0.75,2,Data/demands/exp_random/p7/p7_random_u075_s02.csv,13,"52,81,72,73",278,layout_32,table_1
p7_random_u075_s02,7,random,random,0.75,2,Data/demands/exp_random/p7/p7_random_u075_s02.csv,13,"52,81,72,73",278,layout_37,table_1
p7_random_u075_s03,7,random,random,0.75,3,Data/demands/exp_random/p7/p7_random_u075_s03.csv,13,"54,82,73,69",278,layout_18,table_1
p7_random_u075_s03,7,random,random,0.75,3,Data/demands/exp_random/p7/p7_random_u075_s03.csv,13,"54,82,73,69",278,layout_22,table_1
p7_random_u075_s03,7,random,random,0.75,3,Data/demands/exp_random/p7/p7_random_u075_s03.csv,13,"54,82,73,69",278,layout_32,table_1
p7_random_u075_s03,7,random,random,0.75,3,Data/demands/exp_random/p7/p7_random_u075_s03.csv,13,"54,82,73,69",278,layout_37,table_1
p7_random_u075_s04,7,random,random,0.75,4,Data/demands/exp_random/p7/p7_random_u075_s04.csv,11,"52,80,74,72",278,layout_18,table_1
p7_random_u075_s04,7,random,random,0.75,4,Data/demands/exp_random/p7/p7_random_u075_s04.csv,11,"52,80,74,72",278,layout_22,table_1
p7_random_u075_s04,7,random,random,0.75,4,Data/demands/exp_random/p7/p7_random_u075_s04.csv,11,"52,80,74,72",278,layout_32,table_1
p7_random_u075_s04,7,random,random,0.75,4,Data/demands/exp_random/p7/p7_random_u075_s04.csv,11,"52,80,74,72",278,layout_37,table_1
p7_random_u075_s05,7,random,random,0.75,5,Data/demands/exp_random/p7/p7_random_u075_s05.csv,11,"54,78,81,65",278,layout_18,table_1
p7_random_u075_s05,7,random,random,0.75,5,Data/demands/exp_random/p7/p7_random_u075_s05.csv,11,"54,78,81,65",278,layout_22,table_1
p7_random_u075_s05,7,random,random,0.75,5,Data/demands/exp_random/p7/p7_random_u075_s05.csv,11,"54,78,81,65",278,layout_32,table_1
p7_random_u075_s05,7,random,random,0.75,5,Data/demands/exp_random/p7/p7_random_u075_s05.csv,11,"54,78,81,65",278,layout_37,table_1
p7_random_u100_s01,7,random,random,1.0,1,Data/demands/exp_random/p7/p7_random_u100_s01.csv,11,"76,103,105,86",370,layout_18,table_1
p7_random_u100_s01,7,random,random,1.0,1,Data/demands/exp_random/p7/p7_random_u100_s01.csv,11,"76,103,105,86",370,layout_22,table_1
p7_random_u100_s01,7,random,random,1.0,1,Data/demands/exp_random/p7/p7_random_u100_s01.csv,11,"76,103,105,86",370,layout_32,table_1
p7_random_u100_s01,7,random,random,1.0,1,Data/demands/exp_random/p7/p7_random_u100_s01.csv,11,"76,103,105,86",370,layout_37,table_1
p7_random_u100_s02,7,random,random,1.0,2,Data/demands/exp_random/p7/p7_random_u100_s02.csv,13,"76,108,101,85",370,layout_18,table_1
p7_random_u100_s02,7,random,random,1.0,2,Data/demands/exp_random/p7/p7_random_u100_s02.csv,13,"76,108,101,85",370,layout_22,table_1
p7_random_u100_s02,7,random,random,1.0,2,Data/demands/exp_random/p7/p7_random_u100_s02.csv,13,"76,108,101,85",370,layout_32,table_1
p7_random_u100_s02,7,random,random,1.0,2,Data/demands/exp_random/p7/p7_random_u100_s02.csv,13,"76,108,101,85",370,layout_37,table_1
p7_random_u100_s03,7,random,random,1.0,3,Data/demands/exp_random/p7/p7_random_u100_s03.csv,13,"72,109,98,91",370,layout_18,table_1
p7_random_u100_s03,7,random,random,1.0,3,Data/demands/exp_random/p7/p7_random_u100_s03.csv,13,"72,109,98,91",370,layout_22,table_1
p7_random_u100_s03,7,random,random,1.0,3,Data/demands/exp_random/p7/p7_random_u100_s03.csv,13,"72,109,98,91",370,layout_32,table_1
p7_random_u100_s03,7,random,random,1.0,3,Data/demands/exp_random/p7/p7_random_u100_s03.csv,13,"72,109,98,91",370,layout_37,table_1
p7_random_u100_s04,7,random,random,1.0,4,Data/demands/exp_random/p7/p7_random_u100_s04.csv,11,"74,104,100,92",370,layout_18,table_1
p7_random_u100_s04,7,random,random,1.0,4,Data/demands/exp_random/p7/p7_random_u100_s04.csv,11,"74,104,100,92",370,layout_22,table_1
p7_random_u100_s04,7,random,random,1.0,4,Data/demands/exp_random/p7/p7_random_u100_s04.csv,11,"74,104,100,92",370,layout_32,table_1
p7_random_u100_s04,7,random,random,1.0,4,Data/demands/exp_random/p7/p7_random_u100_s04.csv,11,"74,104,100,92",370,layout_37,table_1
p7_random_u100_s05,7,random,random,1.0,5,Data/demands/exp_random/p7/p7_random_u100_s05.csv,11,"76,107,99,88",370,layout_18,table_1
p7_random_u100_s05,7,random,random,1.0,5,Data/demands/exp_random/p7/p7_random_u100_s05.csv,11,"76,107,99,88",370,layout_22,table_1
p7_random_u100_s05,7,random,random,1.0,5,Data/demands/exp_random/p7/p7_random_u100_s05.csv,11,"76,107,99,88",370,layout_32,table_1
p7_random_u100_s05,7,random,random,1.0,5,Data/demands/exp_random/p7/p7_random_u100_s05.csv,11,"76,107,99,88",370,layout_37,table_1
p7_random_u125_s01,7,random,random,1.25,1,Data/demands/exp_random/p7/p7_random_u125_s01.csv,11,"95,137,122,108",462,layout_18,table_1
p7_random_u125_s01,7,random,random,1.25,1,Data/demands/exp_random/p7/p7_random_u125_s01.csv,11,"95,137,122,108",462,layout_22,table_1
p7_random_u125_s01,7,random,random,1.25,1,Data/demands/exp_random/p7/p7_random_u125_s01.csv,11,"95,137,122,108",462,layout_32,table_1
p7_random_u125_s01,7,random,random,1.25,1,Data/demands/exp_random/p7/p7_random_u125_s01.csv,11,"95,137,122,108",462,layout_37,table_1
p7_random_u125_s02,7,random,random,1.25,2,Data/demands/exp_random/p7/p7_random_u125_s02.csv,13,"94,134,115,119",462,layout_18,table_1
p7_random_u125_s02,7,random,random,1.25,2,Data/demands/exp_random/p7/p7_random_u125_s02.csv,13,"94,134,115,119",462,layout_22,table_1
p7_random_u125_s02,7,random,random,1.25,2,Data/demands/exp_random/p7/p7_random_u125_s02.csv,13,"94,134,115,119",462,layout_32,table_1
p7_random_u125_s02,7,random,random,1.25,2,Data/demands/exp_random/p7/p7_random_u125_s02.csv,13,"94,134,115,119",462,layout_37,table_1
p7_random_u125_s03,7,random,random,1.25,3,Data/demands/exp_random/p7/p7_random_u125_s03.csv,13,"89,127,130,116",462,layout_18,table_1
p7_random_u125_s03,7,random,random,1.25,3,Data/demands/exp_random/p7/p7_random_u125_s03.csv,13,"89,127,130,116",462,layout_22,table_1
p7_random_u125_s03,7,random,random,1.25,3,Data/demands/exp_random/p7/p7_random_u125_s03.csv,13,"89,127,130,116",462,layout_32,table_1
p7_random_u125_s03,7,random,random,1.25,3,Data/demands/exp_random/p7/p7_random_u125_s03.csv,13,"89,127,130,116",462,layout_37,table_1
p7_random_u125_s04,7,random,random,1.25,4,Data/demands/exp_random/p7/p7_random_u125_s04.csv,11,"88,140,118,116",462,layout_18,table_1
p7_random_u125_s04,7,random,random,1.25,4,Data/demands/exp_random/p7/p7_random_u125_s04.csv,11,"88,140,118,116",462,layout_22,table_1
p7_random_u125_s04,7,random,random,1.25,4,Data/demands/exp_random/p7/p7_random_u125_s04.csv,11,"88,140,118,116",462,layout_32,table_1
p7_random_u125_s04,7,random,random,1.25,4,Data/demands/exp_random/p7/p7_random_u125_s04.csv,11,"88,140,118,116",462,layout_37,table_1
p7_random_u125_s05,7,random,random,1.25,5,Data/demands/exp_random/p7/p7_random_u125_s05.csv,11,"85,138,127,112",462,layout_18,table_1
p7_random_u125_s05,7,random,random,1.25,5,Data/demands/exp_random/p7/p7_random_u125_s05.csv,11,"85,138,127,112",462,layout_22,table_1
p7_random_u125_s05,7,random,random,1.25,5,Data/demands/exp_random/p7/p7_random_u125_s05.csv,11,"85,138,127,112",462,layout_32,table_1
p7_random_u125_s05,7,random,random,1.25,5,Data/demands/exp_random/p7/p7_random_u125_s05.csv,11,"85,138,127,112",462,layout_37,table_1
