experiment_id,part_count,overlap,utilization,seed,demand_file,route_operation_count,period_total,total_demand
p1_low_u050_s01,1,low,0.5,1,Data/demands/exp/p1/p1_low_u050_s01.csv,3,"35,50,55,45",185
p1_low_u050_s02,1,low,0.5,2,Data/demands/exp/p1/p1_low_u050_s02.csv,3,"34,52,50,49",185
p1_low_u050_s03,1,low,0.5,3,Data/demands/exp/p1/p1_low_u050_s03.csv,3,"33,55,54,43",185
p1_low_u050_s04,1,low,0.5,4,Data/demands/exp/p1/p1_low_u050_s04.csv,3,"37,53,51,44",185
p1_low_u050_s05,1,low,0.5,5,Data/demands/exp/p1/p1_low_u050_s05.csv,3,"32,56,49,48",185
p1_low_u075_s01,1,low,0.75,1,Data/demands/exp/p1/p1_low_u075_s01.csv,3,"52,76,79,71",278
p1_low_u075_s02,1,low,0.75,2,Data/demands/exp/p1/p1_low_u075_s02.csv,3,"56,78,78,66",278
p1_low_u075_s03,1,low,0.75,3,Data/demands/exp/p1/p1_low_u075_s03.csv,3,"56,86,70,66",278
p1_low_u075_s04,1,low,0.75,4,Data/demands/exp/p1/p1_low_u075_s04.csv,3,"54,79,75,70",278
p1_low_u075_s05,1,low,0.75,5,Data/demands/exp/p1/p1_low_u075_s05.csv,3,"53,76,77,72",278
p1_low_u100_s01,1,low,1.0,1,Data/demands/exp/p1/p1_low_u100_s01.csv,3,"74,113,92,91",370
p1_low_u100_s02,1,low,1.0,2,Data/demands/exp/p1/p1_low_u100_s02.csv,3,"72,103,102,93",370
p1_low_u100_s03,1,low,1.0,3,Data/demands/exp/p1/p1_low_u100_s03.csv,3,"77,111,95,87",370
p1_low_u100_s04,1,low,1.0,4,Data/demands/exp/p1/p1_low_u100_s04.csv,3,"71,112,99,88",370
p1_low_u100_s05,1,low,1.0,5,Data/demands/exp/p1/p1_low_u100_s05.csv,3,"70,115,99,86",370
p1_low_u125_s01,1,low,1.25,1,Data/demands/exp/p1/p1_low_u125_s01.csv,3,"93,140,118,111",462
p1_low_u125_s02,1,low,1.25,2,Data/demands/exp/p1/p1_low_u125_s02.csv,3,"91,135,123,113",462
p1_low_u125_s03,1,low,1.25,3,Data/demands/exp/p1/p1_low_u125_s03.csv,3,"88,138,123,113",462
p1_low_u125_s04,1,low,1.25,4,Data/demands/exp/p1/p1_low_u125_s04.csv,3,"87,138,123,114",462
p1_low_u125_s05,1,low,1.25,5,Data/demands/exp/p1/p1_low_u125_s05.csv,3,"92,136,120,114",462
p1_high_u050_s01,1,high,0.5,1,Data/demands/exp/p1/p1_high_u050_s01.csv,3,"34,57,45,49",185
p1_high_u050_s02,1,high,0.5,2,Data/demands/exp/p1/p1_high_u050_s02.csv,3,"33,60,49,43",185
p1_high_u050_s03,1,high,0.5,3,Data/demands/exp/p1/p1_high_u050_s03.csv,3,"38,54,45,48",185
p1_high_u050_s04,1,high,0.5,4,Data/demands/exp/p1/p1_high_u050_s04.csv,3,"33,58,51,43",185
p1_high_u050_s05,1,high,0.5,5,Data/demands/exp/p1/p1_high_u050_s05.csv,3,"38,52,52,43",185
p1_high_u075_s01,1,high,0.75,1,Data/demands/exp/p1/p1_high_u075_s01.csv,3,"53,81,81,63",278
p1_high_u075_s02,1,high,0.75,2,Data/demands/exp/p1/p1_high_u075_s02.csv,3,"57,78,79,64",278
p1_high_u075_s03,1,high,0.75,3,Data/demands/exp/p1/p1_high_u075_s03.csv,3,"54,86,74,64",278
p1_high_u075_s04,1,high,0.75,4,Data/demands/exp/p1/p1_high_u075_s04.csv,3,"55,86,68,69",278
p1_high_u075_s05,1,high,0.75,5,Data/demands/exp/p1/p1_high_u075_s05.csv,3,"55,81,73,69",278
p1_high_u100_s01,1,high,1.0,1,Data/demands/exp/p1/p1_high_u100_s01.csv,3,"76,108,90,96",370
p1_high_u100_s02,1,high,1.0,2,Data/demands/exp/p1/p1_high_u100_s02.csv,3,"73,101,98,98",370
p1_high_u100_s03,1,high,1.0,3,Data/demands/exp/p1/p1_high_u100_s03.csv,3,"73,116,98,83",370
p1_high_u100_s04,1,high,1.0,4,Data/demands/exp/p1/p1_high_u100_s04.csv,3,"64,110,103,93",370
p1_high_u100_s05,1,high,1.0,5,Data/demands/exp/p1/p1_high_u100_s05.csv,3,"71,104,99,96",370
p1_high_u125_s01,1,high,1.25,1,Data/demands/exp/p1/p1_high_u125_s01.csv,3,"86,134,124,118",462
p1_high_u125_s02,1,high,1.25,2,Data/demands/exp/p1/p1_high_u125_s02.csv,3,"91,142,120,109",462
p1_high_u125_s03,1,high,1.25,3,Data/demands/exp/p1/p1_high_u125_s03.csv,3,"93,131,128,110",462
p1_high_u125_s04,1,high,1.25,4,Data/demands/exp/p1/p1_high_u125_s04.csv,3,"93,126,129,114",462
p1_high_u125_s05,1,high,1.25,5,Data/demands/exp/p1/p1_high_u125_s05.csv,3,"86,140,120,116",462
p3_low_u050_s01,3,low,0.5,1,Data/demands/exp/p3/p3_low_u050_s01.csv,6,"35,57,48,45",185
p3_low_u050_s02,3,low,0.5,2,Data/demands/exp/p3/p3_low_u050_s02.csv,6,"37,56,45,47",185
p3_low_u050_s03,3,low,0.5,3,Data/demands/exp/p3/p3_low_u050_s03.csv,6,"36,59,47,43",185
p3_low_u050_s04,3,low,0.5,4,Data/demands/exp/p3/p3_low_u050_s04.csv,6,"33,56,51,45",185
p3_low_u050_s05,3,low,0.5,5,Data/demands/exp/p3/p3_low_u050_s05.csv,6,"35,52,55,43",185
p3_low_u075_s01,3,low,0.75,1,Data/demands/exp/p3/p3_low_u075_s01.csv,6,"54,77,74,73",278
p3_low_u075_s02,3,low,0.75,2,Data/demands/exp/p3/p3_low_u075_s02.csv,6,"55,86,73,64",278
p3_low_u075_s03,3,low,0.75,3,Data/demands/exp/p3/p3_low_u075_s03.csv,6,"50,83,80,65",278
p3_low_u075_s04,3,low,0.75,4,Data/demands/exp/p3/p3_low_u075_s04.csv,6,"54,82,80,62",278
p3_low_u075_s05,3,low,0.75,5,Data/demands/exp/p3/p3_low_u075_s05.csv,6,"53,85,76,64",278
p3_low_u100_s01,3,low,1.0,1,Data/demands/exp/p3/p3_low_u100_s01.csv,6,"72,111,96,91",370
p3_low_u100_s02,3,low,1.0,2,Data/demands/exp/p3/p3_low_u100_s02.csv,6,"73,113,101,83",370
p3_low_u100_s03,3,low,1.0,3,Data/demands/exp/p3/p3_low_u100_s03.csv,6,"76,109,96,89",370
p3_low_u100_s04,3,low,1.0,4,Data/demands/exp/p3/p3_low_u100_s04.csv,6,"74,108,93,95",370
p3_low_u100_s05,3,low,1.0,5,Data/demands/exp/p3/p3_low_u100_s05.csv,6,"72,110,103,85",370
p3_low_u125_s01,3,low,1.25,1,Data/demands/exp/p3/p3_low_u125_s01.csv,6,"95,134,120,113",462
p3_low_u125_s02,3,low,1.25,2,Data/demands/exp/p3/p3_low_u125_s02.csv,6,"93,138,120,111",462
p3_low_u125_s03,3,low,1.25,3,Data/demands/exp/p3/p3_low_u125_s03.csv,6,"83,143,129,107",462
p3_low_u125_s04,3,low,1.25,4,Data/demands/exp/p3/p3_low_u125_s04.csv,6,"92,137,122,111",462
p3_low_u125_s05,3,low,1.25,5,Data/demands/exp/p3/p3_low_u125_s05.csv,6,"81,135,130,116",462
p3_high_u050_s01,3,high,0.5,1,Data/demands/exp/p3/p3_high_u050_s01.csv,5,"33,54,55,43",185
p3_high_u050_s02,3,high,0.5,2,Data/demands/exp/p3/p3_high_u050_s02.csv,5,"33,50,54,48",185
p3_high_u050_s03,3,high,0.5,3,Data/demands/exp/p3/p3_high_u050_s03.csv,5,"36,57,46,46",185
p3_high_u050_s04,3,high,0.5,4,Data/demands/exp/p3/p3_high_u050_s04.csv,5,"34,57,53,41",185
p3_high_u050_s05,3,high,0.5,5,Data/demands/exp/p3/p3_high_u050_s05.csv,5,"34,55,50,46",185
p3_high_u075_s01,3,high,0.75,1,Data/demands/exp/p3/p3_high_u075_s01.csv,5,"57,75,75,71",278
p3_high_u075_s02,3,high,0.75,2,Data/demands/exp/p3/p3_high_u075_s02.csv,5,"54,85,75,64",278
p3_high_u075_s03,3,high,0.75,3,Data/demands/exp/p3/p3_high_u075_s03.csv,5,"53,84,76,65",278
p3_high_u075_s04,3,high,0.75,4,Data/demands/exp/p3/p3_high_u075_s04.csv,5,"50,85,78,65",278
p3_high_u075_s05,3,high,0.75,5,Data/demands/exp/p3/p3_high_u075_s05.csv,5,"55,82,71,70",278
p3_high_u100_s01,3,high,1.0,1,Data/demands/exp/p3/p3_high_u100_s01.csv,5,"69,117,92,92",370
p3_high_u100_s02,3,high,1.0,2,Data/demands/exp/p3/p3_high_u100_s02.csv,5,"76,107,100,87",370
p3_high_u100_s03,3,high,1.0,3,Data/demands/exp/p3/p3_high_u100_s03.csv,5,"73,106,106,85",370
p3_high_u100_s04,3,high,1.0,4,Data/demands/exp/p3/p3_high_u100_s04.csv,5,"74,110,98,88",370
p3_high_u100_s05,3,high,1.0,5,Data/demands/exp/p3/p3_high_u100_s05.csv,5,"69,107,104,90",370
p3_high_u125_s01,3,high,1.25,1,Data/demands/exp/p3/p3_high_u125_s01.csv,5,"89,129,121,123",462
p3_high_u125_s02,3,high,1.25,2,Data/demands/exp/p3/p3_high_u125_s02.csv,5,"94,137,121,110",462
p3_high_u125_s03,3,high,1.25,3,Data/demands/exp/p3/p3_high_u125_s03.csv,5,"85,137,127,113",462
p3_high_u125_s04,3,high,1.25,4,Data/demands/exp/p3/p3_high_u125_s04.csv,5,"85,139,123,115",462
p3_high_u125_s05,3,high,1.25,5,Data/demands/exp/p3/p3_high_u125_s05.csv,5,"96,128,132,106",462
p5_low_u050_s01,5,low,0.5,1,Data/demands/exp/p5/p5_low_u050_s01.csv,10,"38,51,47,49",185
p5_low_u050_s02,5,low,0.5,2,Data/demands/exp/p5/p5_low_u050_s02.csv,10,"36,55,45,49",185
p5_low_u050_s03,5,low,0.5,3,Data/demands/exp/p5/p5_low_u050_s03.csv,10,"35,51,51,48",185
p5_low_u050_s04,5,low,0.5,4,Data/demands/exp/p5/p5_low_u050_s04.csv,10,"38,57,46,44",185
p5_low_u050_s05,5,low,0.5,5,Data/demands/exp/p5/p5_low_u050_s05.csv,10,"37,52,51,45",185
p5_low_u075_s01,5,low,0.75,1,Data/demands/exp/p5/p5_low_u075_s01.csv,10,"53,79,78,68",278
p5_low_u075_s02,5,low,0.75,2,Data/demands/exp/p5/p5_low_u075_s02.csv,10,"56,85,76,61",278
p5_low_u075_s03,5,low,0.75,3,Data/demands/exp/p5/p5_low_u075_s03.csv,10,"53,78,78,69",278
p5_low_u075_s04,5,low,0.75,4,Data/demands/exp/p5/p5_low_u075_s04.csv,10,"53,83,79,63",278
p5_low_u075_s05,5,low,0.75,5,Data/demands/exp/p5/p5_low_u075_s05.csv,10,"55,82,76,65",278
p5_low_u100_s01,5,low,1.0,1,Data/demands/exp/p5/p5_low_u100_s01.csv,10,"74,106,98,92",370
p5_low_u100_s02,5,low,1.0,2,Data/demands/exp/p5/p5_low_u100_s02.csv,10,"70,115,99,86",370
p5_low_u100_s03,5,low,1.0,3,Data/demands/exp/p5/p5_low_u100_s03.csv,10,"76,109,100,85",370
p5_low_u100_s04,5,low,1.0,4,Data/demands/exp/p5/p5_low_u100_s04.csv,10,"75,105,104,86",370
p5_low_u100_s05,5,low,1.0,5,Data/demands/exp/p5/p5_low_u100_s05.csv,10,"77,103,103,87",370
p5_low_u125_s01,5,low,1.25,1,Data/demands/exp/p5/p5_low_u125_s01.csv,10,"93,131,123,115",462
p5_low_u125_s02,5,low,1.25,2,Data/demands/exp/p5/p5_low_u125_s02.csv,10,"94,126,123,119",462
p5_low_u125_s03,5,low,1.25,3,Data/demands/exp/p5/p5_low_u125_s03.csv,10,"93,137,126,106",462
p5_low_u125_s04,5,low,1.25,4,Data/demands/exp/p5/p5_low_u125_s04.csv,10,"91,137,122,112",462
p5_low_u125_s05,5,low,1.25,5,Data/demands/exp/p5/p5_low_u125_s05.csv,10,"90,135,129,108",462
p5_high_u050_s01,5,high,0.5,1,Data/demands/exp/p5/p5_high_u050_s01.csv,6,"33,53,53,46",185
p5_high_u050_s02,5,high,0.5,2,Data/demands/exp/p5/p5_high_u050_s02.csv,6,"38,57,45,45",185
p5_high_u050_s03,5,high,0.5,3,Data/demands/exp/p5/p5_high_u050_s03.csv,6,"37,56,48,44",185
p5_high_u050_s04,5,high,0.5,4,Data/demands/exp/p5/p5_high_u050_s04.csv,6,"37,55,52,41",185
p5_high_u050_s05,5,high,0.5,5,Data/demands/exp/p5/p5_high_u050_s05.csv,6,"36,54,53,42",185
p5_high_u075_s01,5,high,0.75,1,Data/demands/exp/p5/p5_high_u075_s01.csv,6,"50,85,80,63",278
p5_high_u075_s02,5,high,0.75,2,Data/demands/exp/p5/p5_high_u075_s02.csv,6,"48,85,75,70",278
p5_high_u075_s03,5,high,0.75,3,Data/demands/exp/p5/p5_high_u075_s03.csv,6,"52,83,75,68",278
p5_high_u075_s04,5,high,0.75,4,Data/demands/exp/p5/p5_high_u075_s04.csv,6,"52,81,71,74",278
p5_high_u075_s05,5,high,0.75,5,Data/demands/exp/p5/p5_high_u075_s05.csv,6,"57,77,77,67",278
p5_high_u100_s01,5,high,1.0,1,Data/demands/exp/p5/p5_high_u100_s01.csv,6,"63,113,99,95",370
p5_high_u100_s02,5,high,1.0,2,Data/demands/exp/p5/p5_high_u100_s02.csv,6,"69,108,101,92",370
p5_high_u100_s03,5,high,1.0,3,Data/demands/exp/p5/p5_high_u100_s03.csv,6,"77,101,100,92",370
p5_high_u100_s04,5,high,1.0,4,Data/demands/exp/p5/p5_high_u100_s04.csv,6,"77,109,95,89",370
p5_high_u100_s05,5,high,1.0,5,Data/demands/exp/p5/p5_high_u100_s05.csv,6,"73,109,100,88",370
p5_high_u125_s01,5,high,1.25,1,Data/demands/exp/p5/p5_high_u125_s01.csv,6,"94,135,120,113",462
p5_high_u125_s02,5,high,1.25,2,Data/demands/exp/p5/p5_high_u125_s02.csv,6,"90,133,127,112",462
p5_high_u125_s03,5,high,1.25,3,Data/demands/exp/p5/p5_high_u125_s03.csv,6,"88,137,120,117",462
p5_high_u125_s04,5,high,1.25,4,Data/demands/exp/p5/p5_high_u125_s04.csv,6,"93,132,123,114",462
p5_high_u125_s05,5,high,1.25,5,Data/demands/exp/p5/p5_high_u125_s05.csv,6,"94,139,120,109",462
p7_low_u050_s01,7,low,0.5,1,Data/demands/exp/p7/p7_low_u050_s01.csv,14,"35,58,47,45",185
p7_low_u050_s02,7,low,0.5,2,Data/demands/exp/p7/p7_low_u050_s02.csv,14,"32,56,53,44",185
p7_low_u050_s03,7,low,0.5,3,Data/demands/exp/p7/p7_low_u050_s03.csv,14,"38,53,48,46",185
p7_low_u050_s04,7,low,0.5,4,Data/demands/exp/p7/p7_low_u050_s04.csv,14,"35,55,46,49",185
p7_low_u050_s05,7,low,0.5,5,Data/demands/exp/p7/p7_low_u050_s05.csv,14,"37,52,48,48",185
p7_low_u075_s01,7,low,0.75,1,Data/demands/exp/p7/p7_low_u075_s01.csv,14,"56,81,78,63",278
p7_low_u075_s02,7,low,0.75,2,Data/demands/exp/p7/p7_low_u075_s02.csv,14,"51,82,77,68",278
p7_low_u075_s03,7,low,0.75,3,Data/demands/exp/p7/p7_low_u075_s03.csv,14,"53,83,73,69",278
p7_low_u075_s04,7,low,0.75,4,Data/demands/exp/p7/p7_low_u075_s04.csv,14,"54,84,74,66",278
p7_low_u075_s05,7,low,0.75,5,Data/demands/exp/p7/p7_low_u075_s05.csv,14,"56,79,80,63",278
p7_low_u100_s01,7,low,1.0,1,Data/demands/exp/p7/p7_low_u100_s01.csv,14,"72,107,102,89",370
p7_low_u100_s02,7,low,1.0,2,Data/demands/exp/p7/p7_low_u100_s02.csv,14,"70,106,101,93",370
p7_low_u100_s03,7,low,1.0,3,Data/demands/exp/p7/p7_low_u100_s03.csv,14,"64,114,97,95",370
p7_low_u100_s04,7,low,1.0,4,Data/demands/exp/p7/p7_low_u100_s04.csv,14,"71,110,99,90",370
p7_low_u100_s05,7,low,1.0,5,Data/demands/exp/p7/p7_low_u100_s05.csv,14,"67,113,95,95",370
p7_low_u125_s01,7,low,1.25,1,Data/demands/exp/p7/p7_low_u125_s01.csv,14,"87,140,126,109",462
p7_low_u125_s02,7,low,1.25,2,Data/demands/exp/p7/p7_low_u125_s02.csv,14,"85,132,136,109",462
p7_low_u125_s03,7,low,1.25,3,Data/demands/exp/p7/p7_low_u125_s03.csv,14,"89,141,130,102",462
p7_low_u125_s04,7,low,1.25,4,Data/demands/exp/p7/p7_low_u125_s04.csv,14,"89,136,122,115",462
p7_low_u125_s05,7,low,1.25,5,Data/demands/exp/p7/p7_low_u125_s05.csv,14,"92,134,119,117",462
p7_high_u050_s01,7,high,0.5,1,Data/demands/exp/p7/p7_high_u050_s01.csv,7,"32,54,50,49",185
p7_high_u050_s02,7,high,0.5,2,Data/demands/exp/p7/p7_high_u050_s02.csv,7,"35,50,53,47",185
p7_high_u050_s03,7,high,0.5,3,Data/demands/exp/p7/p7_high_u050_s03.csv,7,"32,56,52,45",185
p7_high_u050_s04,7,high,0.5,4,Data/demands/exp/p7/p7_high_u050_s04.csv,7,"38,52,52,43",185
p7_high_u050_s05,7,high,0.5,5,Data/demands/exp/p7/p7_high_u050_s05.csv,7,"32,60,50,43",185
p7_high_u075_s01,7,high,0.75,1,Data/demands/exp/p7/p7_high_u075_s01.csv,7,"55,82,70,71",278
p7_high_u075_s02,7,high,0.75,2,Data/demands/exp/p7/p7_high_u075_s02.csv,7,"53,82,74,69",278
p7_high_u075_s03,7,high,0.75,3,Data/demands/exp/p7/p7_high_u075_s03.csv,7,"55,83,78,62",278
p7_high_u075_s04,7,high,0.75,4,Data/demands/exp/p7/p7_high_u075_s04.csv,7,"54,80,70,74",278
p7_high_u075_s05,7,high,0.75,5,Data/demands/exp/p7/p7_high_u075_s05.csv,7,"57,80,76,65",278
p7_high_u100_s01,7,high,1.0,1,Data/demands/exp/p7/p7_high_u100_s01.csv,7,"76,106,92,96",370
p7_high_u100_s02,7,high,1.0,2,Data/demands/exp/p7/p7_high_u100_s02.csv,7,"66,120,95,89",370
p7_high_u100_s03,7,high,1.0,3,Data/demands/exp/p7/p7_high_u100_s03.csv,7,"69,108,99,94",370
p7_high_u100_s04,7,high,1.0,4,Data/demands/exp/p7/p7_high_u100_s04.csv,7,"66,112,93,99",370
p7_high_u100_s05,7,high,1.0,5,Data/demands/exp/p7/p7_high_u100_s05.csv,7,"75,102,99,94",370
p7_high_u125_s01,7,high,1.25,1,Data/demands/exp/p7/p7_high_u125_s01.csv,7,"87,137,129,109",462
p7_high_u125_s02,7,high,1.25,2,Data/demands/exp/p7/p7_high_u125_s02.csv,7,"88,137,122,115",462
p7_high_u125_s03,7,high,1.25,3,Data/demands/exp/p7/p7_high_u125_s03.csv,7,"95,128,120,119",462
p7_high_u125_s04,7,high,1.25,4,Data/demands/exp/p7/p7_high_u125_s04.csv,7,"91,132,131,108",462
p7_high_u125_s05,7,high,1.25,5,Data/demands/exp/p7/p7_high_u125_s05.csv,7,"86,143,119,114",462
