experiment_id,part_count,overlap,utilization,period_count,seed,demand_file,parameter_file,period_total,total_demand,route_operation_count,layout_name,rmt_table
p1_high_t2_s01,1,high,0.75,2,1,Data/demands/exp_3/p1/p1_high_t2_s01.csv,Data/parameters/exp_3/period_2.csv,"144,134",278,3,layout_22,table_1
p1_high_t2_s01,1,high,0.75,2,1,Data/demands/exp_3/p1/p1_high_t2_s01.csv,Data/parameters/exp_3/period_2.csv,"144,134",278,3,layout_27,table_1
p1_high_t2_s02,1,high,0.75,2,2,Data/demands/exp_3/p1/p1_high_t2_s02.csv,Data/parameters/exp_3/period_2.csv,"134,144",278,3,layout_22,table_1
p1_high_t2_s02,1,high,0.75,2,2,Data/demands/exp_3/p1/p1_high_t2_s02.csv,Data/parameters/exp_3/period_2.csv,"134,144",278,3,layout_27,table_1
p1_high_t2_s03,1,high,0.75,2,3,Data/demands/exp_3/p1/p1_high_t2_s03.csv,Data/parameters/exp_3/period_2.csv,"123,155",278,3,layout_22,table_1
p1_high_t2_s03,1,high,0.75,2,3,Data/demands/exp_3/p1/p1_high_t2_s03.csv,Data/parameters/exp_3/period_2.csv,"123,155",278,3,layout_27,table_1
p1_high_t4_s01,1,high,0.75,4,1,Data/demands/exp_3/p1/p1_high_t4_s01.csv,Data/parameters/exp_3/period_4.csv,"58,60,84,76",278,3,layout_22,table_1
p1_high_t4_s01,1,high,0.75,4,1,Data/demands/exp_3/p1/p1_high_t4_s01.csv,Data/parameters/exp_3/period_4.csv,"58,60,84,76",278,3,layout_27,table_1
p1_high_t4_s02,1,high,0.75,4,2,Data/demands/exp_3/p1/p1_high_t4_s02.csv,Data/parameters/exp_3/period_4.csv,"76,68,69,65",278,3,layout_22,table_1
p1_high_t4_s02,1,high,0.75,4,2,Data/demands/exp_3/p1/p1_high_t4_s02.csv,Data/parameters/exp_3/period_4.csv,"76,68,69,65",278,3,layout_27,table_1
p1_high_t4_s03,1,high,0.75,4,3,Data/demands/exp_3/p1/p1_high_t4_s03.csv,Data/parameters/exp_3/period_4.csv,"73,57,62,86",278,3,layout_22,table_1
p1_high_t4_s03,1,high,0.75,4,3,Data/demands/exp_3/p1/p1_high_t4_s03.csv,Data/parameters/exp_3/period_4.csv,"73,57,62,86",278,3,layout_27,table_1
p1_high_t6_s01,1,high,0.75,6,1,Data/demands/exp_3/p1/p1_high_t6_s01.csv,Data/parameters/exp_3/period_6.csv,"37,39,44,54,53,51",278,3,layout_22,table_1
p1_high_t6_s01,1,high,0.75,6,1,Data/demands/exp_3/p1/p1_high_t6_s01.csv,Data/parameters/exp_3/period_6.csv,"37,39,44,54,53,51",278,3,layout_27,table_1
p1_high_t6_s02,1,high,0.75,6,2,Data/demands/exp_3/p1/p1_high_t6_s02.csv,Data/parameters/exp_3/period_6.csv,"37,55,48,51,40,47",278,3,layout_22,table_1
p1_high_t6_s02,1,high,0.75,6,2,Data/demands/exp_3/p1/p1_high_t6_s02.csv,Data/parameters/exp_3/period_6.csv,"37,55,48,51,40,47",278,3,layout_27,table_1
p1_high_t6_s03,1,high,0.75,6,3,Data/demands/exp_3/p1/p1_high_t6_s03.csv,Data/parameters/exp_3/period_6.csv,"51,44,43,43,53,44",278,3,layout_22,table_1
p1_high_t6_s03,1,high,0.75,6,3,Data/demands/exp_3/p1/p1_high_t6_s03.csv,Data/parameters/exp_3/period_6.csv,"51,44,43,43,53,44",278,3,layout_27,table_1
p1_low_t2_s01,1,low,0.75,2,1,Data/demands/exp_3/p1/p1_low_t2_s01.csv,Data/parameters/exp_3/period_2.csv,"157,121",278,3,layout_22,table_1
p1_low_t2_s01,1,low,0.75,2,1,Data/demands/exp_3/p1/p1_low_t2_s01.csv,Data/parameters/exp_3/period_2.csv,"157,121",278,3,layout_27,table_1
p1_low_t2_s02,1,low,0.75,2,2,Data/demands/exp_3/p1/p1_low_t2_s02.csv,Data/parameters/exp_3/period_2.csv,"149,129",278,3,layout_22,table_1
p1_low_t2_s02,1,low,0.75,2,2,Data/demands/exp_3/p1/p1_low_t2_s02.csv,Data/parameters/exp_3/period_2.csv,"149,129",278,3,layout_27,table_1
p1_low_t2_s03,1,low,0.75,2,3,Data/demands/exp_3/p1/p1_low_t2_s03.csv,Data/parameters/exp_3/period_2.csv,"160,118",278,3,layout_22,table_1
p1_low_t2_s03,1,low,0.75,2,3,Data/demands/exp_3/p1/p1_low_t2_s03.csv,Data/parameters/exp_3/period_2.csv,"160,118",278,3,layout_27,table_1
p1_low_t4_s01,1,low,0.75,4,1,Data/demands/exp_3/p1/p1_low_t4_s01.csv,Data/parameters/exp_3/period_4.csv,"83,73,52,70",278,3,layout_22,table_1
p1_low_t4_s01,1,low,0.75,4,1,Data/demands/exp_3/p1/p1_low_t4_s01.csv,Data/parameters/exp_3/period_4.csv,"83,73,52,70",278,3,layout_27,table_1
p1_low_t4_s02,1,low,0.75,4,2,Data/demands/exp_3/p1/p1_low_t4_s02.csv,Data/parameters/exp_3/period_4.csv,"63,86,68,61",278,3,layout_22,table_1
p1_low_t4_s02,1,low,0.75,4,2,Data/demands/exp_3/p1/p1_low_t4_s02.csv,Data/parameters/exp_3/period_4.csv,"63,86,68,61",278,3,layout_27,table_1
p1_low_t4_s03,1,low,0.75,4,3,Data/demands/exp_3/p1/p1_low_t4_s03.csv,Data/parameters/exp_3/period_4.csv,"70,62,76,70",278,3,layout_22,table_1
p1_low_t4_s03,1,low,0.75,4,3,Data/demands/exp_3/p1/p1_low_t4_s03.csv,Data/parameters/exp_3/period_4.csv,"70,62,76,70",278,3,layout_27,table_1
p1_low_t6_s01,1,low,0.75,6,1,Data/demands/exp_3/p1/p1_low_t6_s01.csv,Data/parameters/exp_3/period_6.csv,"50,50,43,50,39,46",278,3,layout_22,table_1
p1_low_t6_s01,1,low,0.75,6,1,Data/demands/exp_3/p1/p1_low_t6_s01.csv,Data/parameters/exp_3/period_6.csv,"50,50,43,50,39,46",278,3,layout_27,table_1
p1_low_t6_s02,1,low,0.75,6,2,Data/demands/exp_3/p1/p1_low_t6_s02.csv,Data/parameters/exp_3/period_6.csv,"57,53,43,49,39,37",278,3,layout_22,table_1
p1_low_t6_s02,1,low,0.75,6,2,Data/demands/exp_3/p1/p1_low_t6_s02.csv,Data/parameters/exp_3/period_6.csv,"57,53,43,49,39,37",278,3,layout_27,table_1
p1_low_t6_s03,1,low,0.75,6,3,Data/demands/exp_3/p1/p1_low_t6_s03.csv,Data/parameters/exp_3/period_6.csv,"48,42,42,57,43,46",278,3,layout_22,table_1
p1_low_t6_s03,1,low,0.75,6,3,Data/demands/exp_3/p1/p1_low_t6_s03.csv,Data/parameters/exp_3/period_6.csv,"48,42,42,57,43,46",278,3,layout_27,table_1
p3_high_t2_s01,3,high,0.75,2,1,Data/demands/exp_3/p3/p3_high_t2_s01.csv,Data/parameters/exp_3/period_2.csv,"168,110",278,5,layout_22,table_1
p3_high_t2_s01,3,high,0.75,2,1,Data/demands/exp_3/p3/p3_high_t2_s01.csv,Data/parameters/exp_3/period_2.csv,"168,110",278,5,layout_27,table_1
p3_high_t2_s02,3,high,0.75,2,2,Data/demands/exp_3/p3/p3_high_t2_s02.csv,Data/parameters/exp_3/period_2.csv,"161,117",278,5,layout_22,table_1
p3_high_t2_s02,3,high,0.75,2,2,Data/demands/exp_3/p3/p3_high_t2_s02.csv,Data/parameters/exp_3/period_2.csv,"161,117",278,5,layout_27,table_1
p3_high_t2_s03,3,high,0.75,2,3,Data/demands/exp_3/p3/p3_high_t2_s03.csv,Data/parameters/exp_3/period_2.csv,"161,117",278,5,layout_22,table_1
p3_high_t2_s03,3,high,0.75,2,3,Data/demands/exp_3/p3/p3_high_t2_s03.csv,Data/parameters/exp_3/period_2.csv,"161,117",278,5,layout_27,table_1
p3_high_t4_s01,3,high,0.75,4,1,Data/demands/exp_3/p3/p3_high_t4_s01.csv,Data/parameters/exp_3/period_4.csv,"56,82,85,55",278,5,layout_22,table_1
p3_high_t4_s01,3,high,0.75,4,1,Data/demands/exp_3/p3/p3_high_t4_s01.csv,Data/parameters/exp_3/period_4.csv,"56,82,85,55",278,5,layout_27,table_1
p3_high_t4_s02,3,high,0.75,4,2,Data/demands/exp_3/p3/p3_high_t4_s02.csv,Data/parameters/exp_3/period_4.csv,"72,71,66,69",278,5,layout_22,table_1
p3_high_t4_s02,3,high,0.75,4,2,Data/demands/exp_3/p3/p3_high_t4_s02.csv,Data/parameters/exp_3/period_4.csv,"72,71,66,69",278,5,layout_27,table_1
p3_high_t4_s03,3,high,0.75,4,3,Data/demands/exp_3/p3/p3_high_t4_s03.csv,Data/parameters/exp_3/period_4.csv,"84,64,70,60",278,5,layout_22,table_1
p3_high_t4_s03,3,high,0.75,4,3,Data/demands/exp_3/p3/p3_high_t4_s03.csv,Data/parameters/exp_3/period_4.csv,"84,64,70,60",278,5,layout_27,table_1
p3_high_t6_s01,3,high,0.75,6,1,Data/demands/exp_3/p3/p3_high_t6_s01.csv,Data/parameters/exp_3/period_6.csv,"44,57,45,39,42,51",278,5,layout_22,table_1
p3_high_t6_s01,3,high,0.75,6,1,Data/demands/exp_3/p3/p3_high_t6_s01.csv,Data/parameters/exp_3/period_6.csv,"44,57,45,39,42,51",278,5,layout_27,table_1
p3_high_t6_s02,3,high,0.75,6,2,Data/demands/exp_3/p3/p3_high_t6_s02.csv,Data/parameters/exp_3/period_6.csv,"48,51,53,46,39,41",278,5,layout_22,table_1
p3_high_t6_s02,3,high,0.75,6,2,Data/demands/exp_3/p3/p3_high_t6_s02.csv,Data/parameters/exp_3/period_6.csv,"48,51,53,46,39,41",278,5,layout_27,table_1
p3_high_t6_s03,3,high,0.75,6,3,Data/demands/exp_3/p3/p3_high_t6_s03.csv,Data/parameters/exp_3/period_6.csv,"54,44,53,44,36,47",278,5,layout_22,table_1
p3_high_t6_s03,3,high,0.75,6,3,Data/demands/exp_3/p3/p3_high_t6_s03.csv,Data/parameters/exp_3/period_6.csv,"54,44,53,44,36,47",278,5,layout_27,table_1
p3_low_t2_s01,3,low,0.75,2,1,Data/demands/exp_3/p3/p3_low_t2_s01.csv,Data/parameters/exp_3/period_2.csv,"134,144",278,10,layout_22,table_1
p3_low_t2_s01,3,low,0.75,2,1,Data/demands/exp_3/p3/p3_low_t2_s01.csv,Data/parameters/exp_3/period_2.csv,"134,144",278,10,layout_27,table_1
p3_low_t2_s02,3,low,0.75,2,2,Data/demands/exp_3/p3/p3_low_t2_s02.csv,Data/parameters/exp_3/period_2.csv,"166,112",278,10,layout_22,table_1
p3_low_t2_s02,3,low,0.75,2,2,Data/demands/exp_3/p3/p3_low_t2_s02.csv,Data/parameters/exp_3/period_2.csv,"166,112",278,10,layout_27,table_1
p3_low_t2_s03,3,low,0.75,2,3,Data/demands/exp_3/p3/p3_low_t2_s03.csv,Data/parameters/exp_3/period_2.csv,"125,153",278,10,layout_22,table_1
p3_low_t2_s03,3,low,0.75,2,3,Data/demands/exp_3/p3/p3_low_t2_s03.csv,Data/parameters/exp_3/period_2.csv,"125,153",278,10,layout_27,table_1
p3_low_t4_s01,3,low,0.75,4,1,Data/demands/exp_3/p3/p3_low_t4_s01.csv,Data/parameters/exp_3/period_4.csv,"68,71,80,59",278,10,layout_22,table_1
p3_low_t4_s01,3,low,0.75,4,1,Data/demands/exp_3/p3/p3_low_t4_s01.csv,Data/parameters/exp_3/period_4.csv,"68,71,80,59",278,10,layout_27,table_1
p3_low_t4_s02,3,low,0.75,4,2,Data/demands/exp_3/p3/p3_low_t4_s02.csv,Data/parameters/exp_3/period_4.csv,"93,62,61,62",278,10,layout_22,table_1
p3_low_t4_s02,3,low,0.75,4,2,Data/demands/exp_3/p3/p3_low_t4_s02.csv,Data/parameters/exp_3/period_4.csv,"93,62,61,62",278,10,layout_27,table_1
p3_low_t4_s03,3,low,0.75,4,3,Data/demands/exp_3/p3/p3_low_t4_s03.csv,Data/parameters/exp_3/period_4.csv,"71,56,78,73",278,10,layout_22,table_1
p3_low_t4_s03,3,low,0.75,4,3,Data/demands/exp_3/p3/p3_low_t4_s03.csv,Data/parameters/exp_3/period_4.csv,"71,56,78,73",278,10,layout_27,table_1
p3_low_t6_s01,3,low,0.75,6,1,Data/demands/exp_3/p3/p3_low_t6_s01.csv,Data/parameters/exp_3/period_6.csv,"49,50,36,42,52,49",278,10,layout_22,table_1
p3_low_t6_s01,3,low,0.75,6,1,Data/demands/exp_3/p3/p3_low_t6_s01.csv,Data/parameters/exp_3/period_6.csv,"49,50,36,42,52,49",278,10,layout_27,table_1
p3_low_t6_s02,3,low,0.75,6,2,Data/demands/exp_3/p3/p3_low_t6_s02.csv,Data/parameters/exp_3/period_6.csv,"51,47,51,48,39,42",278,10,layout_22,table_1
p3_low_t6_s02,3,low,0.75,6,2,Data/demands/exp_3/p3/p3_low_t6_s02.csv,Data/parameters/exp_3/period_6.csv,"51,47,51,48,39,42",278,10,layout_27,table_1
p3_low_t6_s03,3,low,0.75,6,3,Data/demands/exp_3/p3/p3_low_t6_s03.csv,Data/parameters/exp_3/period_6.csv,"54,37,46,45,53,43",278,10,layout_22,table_1
p3_low_t6_s03,3,low,0.75,6,3,Data/demands/exp_3/p3/p3_low_t6_s03.csv,Data/parameters/exp_3/period_6.csv,"54,37,46,45,53,43",278,10,layout_27,table_1
p5_high_t2_s01,5,high,0.75,2,1,Data/demands/exp_3/p5/p5_high_t2_s01.csv,Data/parameters/exp_3/period_2.csv,"141,137",278,5,layout_22,table_1
p5_high_t2_s01,5,high,0.75,2,1,Data/demands/exp_3/p5/p5_high_t2_s01.csv,Data/parameters/exp_3/period_2.csv,"141,137",278,5,layout_27,table_1
p5_high_t2_s02,5,high,0.75,2,2,Data/demands/exp_3/p5/p5_high_t2_s02.csv,Data/parameters/exp_3/period_2.csv,"129,149",278,5,layout_22,table_1
p5_high_t2_s02,5,high,0.75,2,2,Data/demands/exp_3/p5/p5_high_t2_s02.csv,Data/parameters/exp_3/period_2.csv,"129,149",278,5,layout_27,table_1
p5_high_t2_s03,5,high,0.75,2,3,Data/demands/exp_3/p5/p5_high_t2_s03.csv,Data/parameters/exp_3/period_2.csv,"131,147",278,5,layout_22,table_1
p5_high_t2_s03,5,high,0.75,2,3,Data/demands/exp_3/p5/p5_high_t2_s03.csv,Data/parameters/exp_3/period_2.csv,"131,147",278,5,layout_27,table_1
p5_high_t4_s01,5,high,0.75,4,1,Data/demands/exp_3/p5/p5_high_t4_s01.csv,Data/parameters/exp_3/period_4.csv,"75,69,69,65",278,5,layout_22,table_1
p5_high_t4_s01,5,high,0.75,4,1,Data/demands/exp_3/p5/p5_high_t4_s01.csv,Data/parameters/exp_3/period_4.csv,"75,69,69,65",278,5,layout_27,table_1
p5_high_t4_s02,5,high,0.75,4,2,Data/demands/exp_3/p5/p5_high_t4_s02.csv,Data/parameters/exp_3/period_4.csv,"64,86,71,57",278,5,layout_22,table_1
p5_high_t4_s02,5,high,0.75,4,2,Data/demands/exp_3/p5/p5_high_t4_s02.csv,Data/parameters/exp_3/period_4.csv,"64,86,71,57",278,5,layout_27,table_1
p5_high_t4_s03,5,high,0.75,4,3,Data/demands/exp_3/p5/p5_high_t4_s03.csv,Data/parameters/exp_3/period_4.csv,"65,72,72,69",278,5,layout_22,table_1
p5_high_t4_s03,5,high,0.75,4,3,Data/demands/exp_3/p5/p5_high_t4_s03.csv,Data/parameters/exp_3/period_4.csv,"65,72,72,69",278,5,layout_27,table_1
p5_high_t6_s01,5,high,0.75,6,1,Data/demands/exp_3/p5/p5_high_t6_s01.csv,Data/parameters/exp_3/period_6.csv,"39,54,40,38,52,55",278,5,layout_22,table_1
p5_high_t6_s01,5,high,0.75,6,1,Data/demands/exp_3/p5/p5_high_t6_s01.csv,Data/parameters/exp_3/period_6.csv,"39,54,40,38,52,55",278,5,layout_27,table_1
p5_high_t6_s02,5,high,0.75,6,2,Data/demands/exp_3/p5/p5_high_t6_s02.csv,Data/parameters/exp_3/period_6.csv,"44,36,49,51,51,47",278,5,layout_22,table_1
p5_high_t6_s02,5,high,0.75,6,2,Data/demands/exp_3/p5/p5_high_t6_s02.csv,Data/parameters/exp_3/period_6.csv,"44,36,49,51,51,47",278,5,layout_27,table_1
p5_high_t6_s03,5,high,0.75,6,3,Data/demands/exp_3/p5/p5_high_t6_s03.csv,Data/parameters/exp_3/period_6.csv,"59,41,45,39,41,53",278,5,layout_22,table_1
p5_high_t6_s03,5,high,0.75,6,3,Data/demands/exp_3/p5/p5_high_t6_s03.csv,Data/parameters/exp_3/period_6.csv,"59,41,45,39,41,53",278,5,layout_27,table_1
p5_low_t2_s01,5,low,0.75,2,1,Data/demands/exp_3/p5/p5_low_t2_s01.csv,Data/parameters/exp_3/period_2.csv,"123,155",278,17,layout_22,table_1
p5_low_t2_s01,5,low,0.75,2,1,Data/demands/exp_3/p5/p5_low_t2_s01.csv,Data/parameters/exp_3/period_2.csv,"123,155",278,17,layout_27,table_1
p5_low_t2_s02,5,low,0.75,2,2,Data/demands/exp_3/p5/p5_low_t2_s02.csv,Data/parameters/exp_3/period_2.csv,"132,146",278,17,layout_22,table_1
p5_low_t2_s02,5,low,0.75,2,2,Data/demands/exp_3/p5/p5_low_t2_s02.csv,Data/parameters/exp_3/period_2.csv,"132,146",278,17,layout_27,table_1
p5_low_t2_s03,5,low,0.75,2,3,Data/demands/exp_3/p5/p5_low_t2_s03.csv,Data/parameters/exp_3/period_2.csv,"159,119",278,17,layout_22,table_1
p5_low_t2_s03,5,low,0.75,2,3,Data/demands/exp_3/p5/p5_low_t2_s03.csv,Data/parameters/exp_3/period_2.csv,"159,119",278,17,layout_27,table_1
p5_low_t4_s01,5,low,0.75,4,1,Data/demands/exp_3/p5/p5_low_t4_s01.csv,Data/parameters/exp_3/period_4.csv,"84,55,71,68",278,17,layout_22,table_1
p5_low_t4_s01,5,low,0.75,4,1,Data/demands/exp_3/p5/p5_low_t4_s01.csv,Data/parameters/exp_3/period_4.csv,"84,55,71,68",278,17,layout_27,table_1
p5_low_t4_s02,5,low,0.75,4,2,Data/demands/exp_3/p5/p5_low_t4_s02.csv,Data/parameters/exp_3/period_4.csv,"78,59,79,62",278,17,layout_22,table_1
p5_low_t4_s02,5,low,0.75,4,2,Data/demands/exp_3/p5/p5_low_t4_s02.csv,Data/parameters/exp_3/period_4.csv,"78,59,79,62",278,17,layout_27,table_1
p5_low_t4_s03,5,low,0.75,4,3,Data/demands/exp_3/p5/p5_low_t4_s03.csv,Data/parameters/exp_3/period_4.csv,"70,81,69,58",278,17,layout_22,table_1
p5_low_t4_s03,5,low,0.75,4,3,Data/demands/exp_3/p5/p5_low_t4_s03.csv,Data/parameters/exp_3/period_4.csv,"70,81,69,58",278,17,layout_27,table_1
p5_low_t6_s01,5,low,0.75,6,1,Data/demands/exp_3/p5/p5_low_t6_s01.csv,Data/parameters/exp_3/period_6.csv,"46,41,49,46,49,47",278,17,layout_22,table_1
p5_low_t6_s01,5,low,0.75,6,1,Data/demands/exp_3/p5/p5_low_t6_s01.csv,Data/parameters/exp_3/period_6.csv,"46,41,49,46,49,47",278,17,layout_27,table_1
p5_low_t6_s02,5,low,0.75,6,2,Data/demands/exp_3/p5/p5_low_t6_s02.csv,Data/parameters/exp_3/period_6.csv,"59,45,47,42,44,41",278,17,layout_22,table_1
p5_low_t6_s02,5,low,0.75,6,2,Data/demands/exp_3/p5/p5_low_t6_s02.csv,Data/parameters/exp_3/period_6.csv,"59,45,47,42,44,41",278,17,layout_27,table_1
p5_low_t6_s03,5,low,0.75,6,3,Data/demands/exp_3/p5/p5_low_t6_s03.csv,Data/parameters/exp_3/period_6.csv,"48,41,48,56,46,39",278,17,layout_22,table_1
p5_low_t6_s03,5,low,0.75,6,3,Data/demands/exp_3/p5/p5_low_t6_s03.csv,Data/parameters/exp_3/period_6.csv,"48,41,48,56,46,39",278,17,layout_27,table_1
