machine,configuration,op1,op2,op3,op4,op5,op6,op7,op8,op9,op10,op11,op12,cost,basic_modules,auxiliary_modules
M1,MC11,120,180,120,180,,30,200,,,,150,40,860,1,11
M1,MC12,240,360,240,360,,60,400,,,,300,80,1140,1,11;12
M1,MC13,360,540,360,540,,90,600,,,,450,120,1420,1,11;12;13
M1,MC14,480,720,480,720,,120,800,,,,600,160,1700,1,11;12;13;14
M1,MC15,120,180,120,180,60,30,200,180,90,200,150,40,1010,1,11;15
M2,MC21,,,120,,,30,,,,,,40,385,2,21
M2,MC22,,,240,,,60,,,,,,80,555,2,21;22
M2,MC23,,,360,,,90,,,,,,120,725,2,21;22;23
M2,MC24,,,480,,,120,,,,,,160,895,2,21;22;23;24
