experiment_id,part_count,overlap,sequence_mode,utilization,seed,demand_file,route_operation_count,period_total,total_demand
p7_random_u050_s01,7,random,random,0.5,1,Data/demands/exp_random/p7/p7_random_u050_s01.csv,11,"33,60,46,46",185
p7_random_u050_s02,7,random,random,0.5,2,Data/demands/exp_random/p7/p7_random_u050_s02.csv,13,"32,57,55,41",185
p7_random_u050_s03,7,random,random,0.5,3,Data/demands/exp_random/p7/p7_random_u050_s03.csv,13,"34,60,46,45",185
p7_random_u050_s04,7,random,random,0.5,4,Data/demands/exp_random/p7/p7_random_u050_s04.csv,11,"32,57,50,46",185
p7_random_u050_s05,7,random,random,0.5,5,Data/demands/exp_random/p7/p7_random_u050_s05.csv,11,"33,55,52,45",185
p7_random_u075_s01,7,random,random,0.75,1,Data/demands/exp_random/p7/p7_random_u075_s01.csv,11,"56,75,79,68",278
p7_random_u075_s02,7,random,random,0.75,2,Data/demands/exp_random/p7/p7_random_u075_s02.csv,13,"52,81,72,73",278
p7_random_u075_s03,7,random,random,0.75,3,Data/demands/exp_random/p7/p7_random_u075_s03.csv,13,"54,82,73,69",278
p7_random_u075_s04,7,random,random,0.75,4,Data/demands/exp_random/p7/p7_random_u075_s04.csv,11,"52,80,74,72",278
p7_random_u075_s05,7,random,random,0.75,5,Data/demands/exp_random/p7/p7_random_u075_s05.csv,11,"54,78,81,65",278
p7_random_u100_s01,7,random,random,1.0,1,Data/demands/exp_random/p7/p7_random_u100_s01.csv,11,"76,103,105,86",370
p7_random_u100_s02,7,random,random,1.0,2,Data/demands/exp_random/p7/p7_random_u100_s02.csv,13,"76,108,101,85",370
p7_random_u100_s03,7,random,random,1.0,3,Data/demands/exp_random/p7/p7_random_u100_s03.csv,13,"72,109,98,91",370
p7_random_u100_s04,7,random,random,1.0,4,Data/demands/exp_random/p7/p7_random_u100_s04.csv,11,"74,104,100,92",370
p7_random_u100_s05,7,random,random,1.0,5,Data/demands/exp_random/p7/p7_random_u100_s05.csv,11,"76,107,99,88",370
p7_random_u125_s01,7,random,random,1.25,1,Data/demands/exp_random/p7/p7_random_u125_s01.csv,11,"95,137,122,108",462
p7_random_u125_s02,7,random,random,1.25,2,Data/demands/exp_random/p7/p7_random_u125_s02.csv,13,"94,134,115,119",462
p7_random_u125_s03,7,random,random,1.25,3,Data/demands/exp_random/p7/p7_random_u125_s03.csv,13,"89,127,130,116",462
p7_random_u125_s04,7,random,random,1.25,4,Data/demands/exp_random/p7/p7_random_u125_s04.csv,11,"88,140,118,116",462
p7_random_u125_s05,7,random,random,1.25,5,Data/demands/exp_random/p7/p7_random_u125_s05.csv,11,"85,138,127,112",462
