id,base,P,F,T,off_status,off_obj,off_bound,off_gap,joint_status,joint_obj,joint_bound,joint_gap,gain_point,gain_pct_point,gain_lb,gain_ub,gain_pct_lb,mhc_lb,mhc_slack_off,d_purchase,d_reconfig,d_mhc,off_machines,joint_machines,joint_relocations,off_runtime,joint_runtime,error
Y_seqrev,youssef_2007,20,20,4,OPTIMAL,11640.0,11640.0,0.0,OPTIMAL,11205.0,11205.0,0.0,435.0,3.74,435.0,435.0,3.74,7920.0,120.0,215.0,100.0,120.0,5,4,8,3.7,5.2,
Y_seqrev_cmh20,youssef_2007,20,20,4,OPTIMAL,43320.0,43320.0,0.0,OPTIMAL,42885.0,42885.0,0.0,435.0,1.0,435.0,435.0,1.0,39600.0,0.0,385.0,50.0,0.0,5,4,10,6.2,11.1,
Y_spec,youssef_2007,20,36,4,OPTIMAL,17550.0,17550.0,0.0,OPTIMAL,17550.0,17550.0,0.0,0.0,0.0,0.0,0.0,0.0,9940.0,0.0,0.0,0.0,0.0,9,9,16,17.0,198.2,
Y_x2_15slot,youssef_2007,15,36,4,OPTIMAL,31185.0,31185.0,0.0,OPTIMAL,30920.0,30920.0,0.0,265.0,0.85,265.0,265.0,0.85,19880.0,560.0,215.0,50.0,0.0,12,11,27,192.7,155.7,
Y_seqrev_spec_cmh20,youssef_2007,20,20,4,OPTIMAL,46050.0,46050.0,0.0,OPTIMAL,42885.0,42885.0,0.0,3165.0,6.87,3165.0,3165.0,6.87,39600.0,0.0,3115.0,50.0,0.0,8,4,12,4.3,13.2,
Y_seqrev_spec,youssef_2007,20,20,4,OPTIMAL,13380.0,13380.0,0.0,OPTIMAL,11205.0,11205.0,0.0,2175.0,16.26,2175.0,2175.0,16.26,7920.0,880.0,1245.0,50.0,880.0,6,4,11,10.2,13.4,
Y_seqrev_mc15only,youssef_2007,20,17,4,OPTIMAL,11640.0,11640.0,0.0,OPTIMAL,11205.0,11205.0,0.0,435.0,3.74,435.0,435.0,3.74,7920.0,0.0,385.0,50.0,0.0,5,4,10,2.8,11.5,
Y_seqrev_withB,youssef_2007,20,36,4,OPTIMAL,22160.0,22160.0,0.0,OPTIMAL,22110.0,22110.0,0.0,50.0,0.23,50.0,50.0,0.23,13720.0,660.0,0.0,50.0,0.0,9,9,23,76.4,198.6,
Y_partsalt,youssef_2007,20,36,4,OPTIMAL,14105.0,14105.0,0.0,OPTIMAL,14105.0,14105.0,0.0,0.0,0.0,0.0,0.0,0.0,9120.0,0.0,0.0,0.0,0.0,6,6,14,1.8,4.6,
Y_rotate,youssef_2007,20,20,4,OPTIMAL,11690.0,11690.0,0.0,OPTIMAL,11205.0,11205.0,0.0,485.0,4.15,485.0,485.0,4.15,7920.0,0.0,385.0,100.0,0.0,5,4,11,1.8,5.1,
Y_seqrev_T2,youssef_2007,20,20,2,OPTIMAL,7630.0,7630.0,0.0,OPTIMAL,7245.0,7245.0,0.0,385.0,5.05,385.0,385.0,5.05,3960.0,120.0,215.0,50.0,120.0,5,4,1,1.5,2.6,
Y_seqrev_T8,youssef_2007,20,20,8,OPTIMAL,19560.0,19560.0,0.0,OPTIMAL,19125.0,19125.0,0.0,435.0,2.22,435.0,435.0,2.22,15840.0,0.0,385.0,50.0,0.0,5,4,17,12.6,29.4,
Y_seqrev_2x10,youssef_2007,20,20,4,OPTIMAL,16040.0,16040.0,0.0,OPTIMAL,15605.0,15605.0,0.0,435.0,2.71,435.0,435.0,2.71,12320.0,0.0,385.0,50.0,0.0,5,4,8,38.5,9.4,
Y_seqrev_10slot,youssef_2007,10,20,4,OPTIMAL,11640.0,11640.0,0.0,OPTIMAL,11205.0,11205.0,0.0,435.0,3.74,435.0,435.0,3.74,7920.0,0.0,385.0,50.0,0.0,5,4,6,3.2,1.1,
Y_seqrev_x2,youssef_2007,20,20,4,OPTIMAL,22005.0,22005.0,0.0,OPTIMAL,20585.0,20585.0,0.0,1420.0,6.45,1420.0,1420.0,6.45,15840.0,0.0,695.0,725.0,0.0,5,5,13,28.6,12.9,
Y_seqrev_cmh50,youssef_2007,20,20,4,OPTIMAL,102720.0,102720.0,0.0,OPTIMAL,102285.0,102285.0,0.0,435.0,0.42,435.0,435.0,0.42,99000.0,0.0,385.0,50.0,0.0,5,4,8,2.0,9.7,
Y_seqrev_spec_T8_x2,youssef_2007,20,20,8,OPTIMAL,40700.0,40700.0,0.0,OPTIMAL,36425.0,36425.0,0.0,4275.0,10.5,4275.0,4275.0,10.5,31680.0,0.0,4125.0,150.0,0.0,10,5,33,26.3,44.1,
M_seqrev_15slot,multi_part,15,20,4,OPTIMAL,16190.0,16190.0,0.0,OPTIMAL,15450.0,15450.0,0.0,740.0,4.57,740.0,740.0,4.57,5760.0,580.0,460.0,-300.0,580.0,8,8,20,89.8,217.4,
Y_seqrev_spec_x2,youssef_2007,20,20,4,OPTIMAL,24370.0,24370.0,0.0,OPTIMAL,20585.0,20585.0,0.0,3785.0,15.53,3785.0,3785.0,15.53,15840.0,2560.0,1075.0,150.0,2560.0,7,5,13,27.6,25.7,
Y_seqrev_spec_x3,youssef_2007,20,20,4,OPTIMAL,35160.0,35160.0,0.0,TIME_LIMIT,31790.0,31083.833353,0.022213,3370.0,9.58,3370.0,4076.2,9.58,23760.0,2740.0,280.0,350.0,2740.0,9,9,24,32.2,300.1,
Y_allrev_withB,youssef_2007,20,36,4,OPTIMAL,24120.0,24120.0,0.0,OPTIMAL,23250.0,23250.0,0.0,870.0,3.61,870.0,870.0,3.61,15520.0,720.0,0.0,150.0,720.0,9,9,20,147.0,86.9,
Y_seqrev_withB_spec,youssef_2007,20,36,4,OPTIMAL,24070.0,24070.0,0.0,OPTIMAL,22110.0,22110.0,0.0,1960.0,8.14,1960.0,1960.0,8.14,13720.0,1760.0,860.0,0,1100.0,10,9,22,52.9,299.1,
M_seqrev_15slot_spec,multi_part,15,20,4,OPTIMAL,19252.0,19252.0,0.0,TIME_LIMIT,18448.0,18420.980837,0.001465,804.0,4.18,804.0,831.0,4.18,5760.0,832.0,100.0,0,704.0,11,12,34,12.2,300.2,
M_allrev_15slot,multi_part,15,20,4,INFEASIBLE,,,,INFEASIBLE,,,,,,,,,13860.0,,,,,0,0,0,0.8,0.8,
Y_seqrev_spec_mc5,youssef_2007,20,20,4,OPTIMAL,13380.0,13380.0,0.0,OPTIMAL,11325.0,11325.0,0.0,2055.0,15.36,2055.0,2055.0,15.36,7920.0,880.0,1245.0,50.0,880.0,6,4,9,5.9,4.1,
Y_seqrev_spec_mc20,youssef_2007,20,20,4,OPTIMAL,13380.0,13380.0,0.0,OPTIMAL,11685.0,11685.0,0.0,1695.0,12.67,1695.0,1695.0,12.67,7920.0,880.0,1245.0,50.0,880.0,6,4,9,5.8,3.3,
Y_seqrev_spec_mc50,youssef_2007,20,20,4,OPTIMAL,13380.0,13380.0,0.0,OPTIMAL,12405.0,12405.0,0.0,975.0,7.29,975.0,975.0,7.29,7920.0,880.0,1245.0,50.0,880.0,6,4,9,6.4,5.7,
Y_seqrev_spec_mc100,youssef_2007,20,20,4,OPTIMAL,13380.0,13380.0,0.0,OPTIMAL,13265.0,13265.0,0.0,115.0,0.86,115.0,115.0,0.86,7920.0,880.0,385.0,50.0,880.0,6,5,6,5.6,28.4,
Y_seqrev_spec_mc200,youssef_2007,20,20,4,OPTIMAL,13380.0,13380.0,0.0,OPTIMAL,13380.0,13380.0,0.0,0.0,0.0,0.0,0.0,0.0,7920.0,880.0,170.0,-50.0,-120.0,6,6,0,5.7,26.3,
Y_seqrev_mc5,youssef_2007,20,20,4,OPTIMAL,11640.0,11640.0,0.0,OPTIMAL,11235.0,11235.0,0.0,405.0,3.48,405.0,405.0,3.48,7920.0,120.0,215.0,100.0,120.0,5,4,4,2.5,3.5,
Y_seqrev_mc20,youssef_2007,20,20,4,OPTIMAL,11640.0,11640.0,0.0,OPTIMAL,11325.0,11325.0,0.0,315.0,2.71,315.0,315.0,2.71,7920.0,120.0,215.0,100.0,120.0,5,4,4,2.8,3.0,
Y_seqrev_mc50,youssef_2007,20,20,4,OPTIMAL,11640.0,11640.0,0.0,OPTIMAL,11505.0,11505.0,0.0,135.0,1.16,135.0,135.0,1.16,7920.0,120.0,215.0,100.0,120.0,5,4,4,2.7,3.7,
Y_seqrev_spec_cmh1,youssef_2007,20,20,4,OPTIMAL,5925.0,5925.0,0.0,OPTIMAL,5265.0,5265.0,0.0,660.0,11.14,660.0,660.0,11.14,1980.0,660.0,0.0,0,660.0,4,4,12,1.7,4.4,
Y_seqrev_spec_cmh2,youssef_2007,20,20,4,OPTIMAL,8565.0,8565.0,0.0,OPTIMAL,7245.0,7245.0,0.0,1320.0,15.41,1320.0,1320.0,15.41,3960.0,1320.0,0.0,0,1320.0,4,4,11,3.9,8.6,
Y_longrev,youssef_2007,20,22,4,OPTIMAL,15015.0,15015.0,0.0,OPTIMAL,14105.0,14105.0,0.0,910.0,6.06,910.0,910.0,6.06,8800.0,0.0,860.0,50.0,0.0,7,6,18,17.6,4.1,
Y_longrev_spec,youssef_2007,20,22,4,OPTIMAL,17605.0,17605.0,0.0,OPTIMAL,14105.0,14105.0,0.0,3500.0,19.88,3500.0,3500.0,19.88,8800.0,2640.0,860.0,0,2640.0,7,6,18,11.2,6.2,
Y_3dir_T6,youssef_2007,20,20,6,OPTIMAL,16005.0,16005.0,0.0,OPTIMAL,15165.0,15165.0,0.0,840.0,5.25,840.0,840.0,5.25,11880.0,0.0,690.0,150.0,0.0,5,4,17,17.3,10.1,
Y_3dir_T6_spec,youssef_2007,20,20,6,OPTIMAL,18635.0,18635.0,0.0,OPTIMAL,15165.0,15165.0,0.0,3470.0,18.62,3470.0,3470.0,18.62,11880.0,880.0,2490.0,100.0,880.0,8,4,19,15.5,13.8,
Y_Brev_only,youssef_2007,20,36,4,OPTIMAL,17600.0,17600.0,0.0,OPTIMAL,17500.0,17500.0,0.0,100.0,0.57,100.0,100.0,0.57,9940.0,0.0,0.0,100.0,0.0,9,9,20,42.5,14.9,
M_allrev_20slot,multi_part,20,20,4,TIME_LIMIT,38997.0,38112.597465,0.022679,TIME_LIMIT,37398.0,36829.033784,0.015214,1599.0,4.1,714.6,2168.0,1.83,13860.0,2852.0,-130.0,325.0,1404.0,19,19,47,300.1,300.2,
Y_reent_mix,youssef_2007,20,25,4,TIME_LIMIT,15445.0,14718.013243,0.047069,TIME_LIMIT,15495.0,14491.874813,0.064739,-50.0,-0.32,0.0,953.1,0.0,8960.0,640.0,0.0,-50.0,0.0,7,7,2,300.1,300.3,
Y_reent_mix_spec,youssef_2007,20,25,4,OPTIMAL,16995.0,16995.0,0.0,TIME_LIMIT,16835.0,15504.315476,0.079043,160.0,0.94,160.0,1490.7,0.94,8960.0,1280.0,1440.0,0.0,-1280.0,8,6,10,260.0,300.2,
Y_reent_layers,youssef_2007,20,20,4,TIME_LIMIT,16235.0,15203.34974,0.063545,TIME_LIMIT,16285.0,14758.870842,0.093714,-50.0,-0.31,0.0,1476.1,0.0,8960.0,1280.0,0.0,-50.0,0.0,7,7,0,300.1,300.1,
Y_reent_mix3,youssef_2007,20,26,6,TIME_LIMIT,20245.0,19239.770056,0.049653,TIME_LIMIT,20345.0,19041.896291,0.06405,-100.0,-0.49,0.0,1203.1,0.0,13440.0,0.0,860.0,0.0,-960.0,8,7,18,300.2,300.1,
Y_reent_mix_concurrent,youssef_2007,20,25,4,TIME_LIMIT,21365.0,19960.482373,0.065739,TIME_LIMIT,22405.0,19819.079082,0.115417,-1040.0,-4.87,0.0,1545.9,0.0,12320.0,880.0,0.0,0,-1040.0,9,9,18,300.1,300.2,
Y_reent_mix_x2,youssef_2007,20,25,4,TIME_LIMIT,27795.0,27059.595519,0.026458,TIME_LIMIT,27795.0,26597.293109,0.043091,0.0,0.0,0.0,1197.7,0.0,17920.0,1280.0,0.0,0,0.0,9,9,0,300.2,300.2,
R_ctrl_12,youssef_2007,12,20,4,OPTIMAL,14585.0,14585.0,0.0,TIME_LIMIT,14585.0,14293.47457,0.019988,0.0,0.0,0.0,291.5,0.0,8320.0,1280.0,0.0,0,0.0,6,6,0,60.7,600.1,
R_mix_12,youssef_2007,12,25,4,OPTIMAL,14585.0,14585.0,0.0,TIME_LIMIT,14585.0,14247.723782,0.023125,0.0,0.0,0.0,337.3,0.0,8320.0,1280.0,0.0,0,0.0,6,6,0,63.8,600.2,
R_layers_12,youssef_2007,12,20,4,OPTIMAL,15595.0,15595.0,0.0,TIME_LIMIT,15275.0,15004.629334,0.0177,320.0,2.05,320.0,590.4,2.05,8960.0,640.0,0.0,0.0,320.0,7,7,9,196.2,600.1,
R_concurrent_15,youssef_2007,15,25,4,TIME_LIMIT,20485.0,20057.280175,0.02088,TIME_LIMIT,20485.0,19609.833103,0.042722,0.0,0.0,0.0,875.2,0.0,12320.0,0.0,0.0,0,0.0,9,9,0,600.1,600.2,
Y_orig_rM,youssef_2007,20,36,4,OPTIMAL,17500.0,17500.0,0.0,OPTIMAL,17500.0,17500.0,0.0,0.0,0.0,0.0,0.0,0.0,9940.0,0.0,0.0,0,0.0,9,9,0,30.4,41.2,
L_2v4_rM3,youssef_2007,10,20,4,OPTIMAL,16735.0,16735.0,0.0,TIME_LIMIT,16735.0,16134.704639,0.035871,0.0,0.0,0.0,600.3,0.0,8960.0,640.0,0.0,0,0.0,8,8,0,52.0,130.1,
L_3v3_rM,youssef_2007,10,20,4,OPTIMAL,15445.0,15445.0,0.0,TIME_LIMIT,15445.0,14761.666667,0.044243,0.0,0.0,0.0,683.3,0.0,8960.0,640.0,0.0,0,0.0,7,7,0,32.5,130.1,
L_2v6_rM,youssef_2007,10,20,4,OPTIMAL,20585.0,20585.0,0.0,TIME_LIMIT,20585.0,20129.455868,0.02213,0.0,0.0,0.0,455.5,0.0,10880.0,1280.0,0.0,0.0,0.0,9,9,0,13.6,130.1,
L_2v4_r1,youssef_2007,10,20,4,OPTIMAL,16235.0,16235.0,0.0,TIME_LIMIT,16235.0,15769.504279,0.028672,0.0,0.0,0.0,465.5,0.0,8960.0,1280.0,0.0,0.0,0.0,7,7,18,68.1,330.1,
L_2v4_rM,youssef_2007,10,20,4,OPTIMAL,16735.0,16735.0,0.0,TIME_LIMIT,16735.0,16623.39898,0.006669,0.0,0.0,0.0,111.6,0.0,8960.0,640.0,0.0,0.0,0.0,8,8,0,44.9,330.2,
Y_orig_U,youssef_2007,20,36,4,OPTIMAL,16720.0,16720.0,0.0,OPTIMAL,16720.0,16720.0,0.0,0.0,0.0,0.0,0.0,0.0,8440.0,720.0,0.0,0,0.0,9,9,0,49.2,70.0,
MP3_thru,multi_part,20,20,4,OPTIMAL,18844.0,18844.0,0.0,TIME_LIMIT,18844.0,18482.693605,0.019174,0.0,0.0,0.0,361.3,0.0,6768.0,196.0,0.0,0.0,0.0,11,11,3,324.4,600.2,
MP3_L,multi_part,20,20,4,OPTIMAL,18224.0,18224.0,0.0,TIME_LIMIT,18164.0,17742.13726,0.023225,60.0,0.33,60.0,481.9,0.33,5640.0,704.0,0.0,0.0,60.0,11,11,8,282.0,600.1,
MP3_U,multi_part,20,20,4,TIME_LIMIT,18534.0,18223.865936,0.016733,TIME_LIMIT,18414.0,17925.963669,0.026504,120.0,0.65,0.0,608.0,0.0,5264.0,1200.0,0.0,0.0,120.0,10,10,13,600.1,600.1,
MP7H_thru,multi_part,20,16,4,TIME_LIMIT,20263.0,19775.01293,0.024083,TIME_LIMIT,20183.0,19515.860159,0.033055,80.0,0.39,0.0,747.1,0.0,6768.0,620.0,0.0,0.0,80.0,12,12,6,600.1,600.1,
MP7H_L,multi_part,20,16,4,TIME_LIMIT,19536.333333,19372.025136,0.00841,TIME_LIMIT,19535.0,18703.174414,0.042581,1.3,0.01,0.0,833.2,0.0,5640.0,1021.3,0.0,0.0,1.3,12,12,3,600.1,600.2,
MP7H_U,multi_part,20,16,4,TIME_LIMIT,19402.0,18658.624215,0.038314,TIME_LIMIT,19287.0,18705.375632,0.030156,115.0,0.59,0.0,696.6,0.0,5264.0,1208.0,305.0,-250.0,60.0,12,12,10,600.1,600.2,
MP7_thru,multi_part,20,45,4,TIME_LIMIT,22259.0,21209.827095,0.047135,TIME_LIMIT,22217.0,21026.152199,0.053601,42.0,0.19,0.0,1232.8,0.0,6768.0,576.0,-140.0,150.0,32.0,15,15,11,600.1,600.2,
MP7_U,multi_part,20,45,4,TIME_LIMIT,22003.0,20525.349339,0.067157,TIME_LIMIT,21851.0,19944.421957,0.087254,152.0,0.69,0.0,2058.6,0.0,5264.0,1824.0,0.0,0.0,152.0,15,15,23,600.2,600.2,
R_layers_20,youssef_2007,20,20,4,TIME_LIMIT,16235.0,15761.918521,0.02914,TIME_LIMIT,16235.0,14774.763509,0.089944,0.0,0.0,0.0,1460.2,0.0,8960.0,1280.0,0.0,0.0,0.0,7,7,0,600.1,600.1,
R_layers_12_a010,youssef_2007,12,20,4,OPTIMAL,15595.0,15595.0,0.0,TIME_LIMIT,15502.78,14923.862991,0.037343,92.2,0.59,92.2,671.1,0.59,8960.0,640.0,860.0,-50.0,-640.0,7,6,6,147.5,600.2,
R_layers_12_a020,youssef_2007,12,20,4,OPTIMAL,15595.0,15595.0,0.0,TIME_LIMIT,15367.16,14979.903441,0.0252,227.8,1.46,227.8,615.1,1.46,8960.0,640.0,0.0,0.0,320.0,7,7,3,308.8,600.1,
A_6x2,youssef_2007,12,12,4,OPTIMAL,20166.0,20166.0,0.0,OPTIMAL,20166.0,20166.0,0.0,0.0,0.0,0.0,0.0,0.0,11776.0,480.0,0.0,0,0.0,8,8,0,3.9,10.4,
A_4x3,youssef_2007,12,12,4,OPTIMAL,18530.0,18530.0,0.0,OPTIMAL,18530.0,18530.0,0.0,0.0,0.0,0.0,0.0,0.0,10752.0,448.0,0.0,0,0.0,7,7,0,5.1,9.4,
A_3x4,youssef_2007,12,12,4,OPTIMAL,19266.0,19266.0,0.0,OPTIMAL,19266.0,19266.0,0.0,0.0,0.0,0.0,0.0,0.0,11776.0,160.0,0.0,0,0.0,7,7,0,4.1,10.2,
A_2x6,youssef_2007,12,12,4,OPTIMAL,19782.0,19782.0,0.0,OPTIMAL,19782.0,19782.0,0.0,0.0,0.0,0.0,0.0,0.0,11776.0,96.0,0.0,0,0.0,8,8,0,10.5,15.3,
A_5x4,youssef_2007,20,12,4,OPTIMAL,19974.0,19974.0,0.0,OPTIMAL,19974.0,19974.0,0.0,0.0,0.0,0.0,0.0,0.0,11776.0,288.0,0.0,0,0.0,8,8,17,40.9,211.4,
X_alt_bal,youssef_2007,12,12,4,OPTIMAL,18914.0,18914.0,0.0,OPTIMAL,18914.0,18914.0,0.0,0.0,0.0,0.0,0.0,0.0,10752.0,832.0,0.0,0,0.0,7,7,0,8.6,18.2,
X_alt_unbal,youssef_2007,12,12,4,OPTIMAL,30528.0,30528.0,0.0,OPTIMAL,30528.0,30528.0,0.0,0.0,0.0,0.0,0.0,0.0,16896.0,2112.0,0.0,0.0,0.0,12,12,0,8.9,11.7,
X_grad_bal,youssef_2007,12,12,4,OPTIMAL,18530.0,18530.0,0.0,OPTIMAL,18530.0,18530.0,0.0,0.0,0.0,0.0,0.0,0.0,10752.0,448.0,0.0,0,0.0,7,7,0,6.1,13.6,
X_grad_unbal,youssef_2007,12,12,4,OPTIMAL,30048.0,30048.0,0.0,OPTIMAL,30048.0,30048.0,0.0,0.0,0.0,0.0,0.0,0.0,16896.0,1632.0,0.0,0.0,0.0,12,12,0,8.5,22.2,
Z_A,youssef_2007,12,20,4,OPTIMAL,15595.0,15595.0,0.0,TIME_LIMIT,15275.0,14803.534583,0.030865,320.0,2.05,320.0,791.5,2.05,8960.0,640.0,0.0,0.0,320.0,7,7,9,155.9,300.1,
Z_B,youssef_2007,12,11,4,OPTIMAL,14570.0,14570.0,0.0,TIME_LIMIT,14570.0,14181.858148,0.02664,0.0,0.0,0.0,388.1,0.0,7680.0,1280.0,0.0,0.0,0.0,6,6,9,57.2,300.1,
Z_F,youssef_2007,12,11,4,OPTIMAL,15320.0,15320.0,0.0,TIME_LIMIT,15320.0,14798.488184,0.034041,0.0,0.0,0.0,521.5,0.0,8960.0,-160.0,0.0,0.0,0.0,7,7,5,137.1,300.1,
Z_D,youssef_2007,12,15,4,OPTIMAL,11265.0,11265.0,0.0,OPTIMAL,11265.0,11265.0,0.0,0.0,0.0,0.0,0.0,0.0,7040.0,0.0,0.0,0.0,0.0,5,5,4,4.1,8.4,
Z_E,youssef_2007,12,12,4,OPTIMAL,12750.0,12750.0,0.0,OPTIMAL,12750.0,12750.0,0.0,0.0,0.0,0.0,0.0,0.0,7040.0,0.0,0.0,0.0,0.0,6,6,0,1.0,5.2,
Z_G,youssef_2007,12,16,4,OPTIMAL,16755.0,16755.0,0.0,OPTIMAL,16435.0,16435.0,0.0,320.0,1.91,320.0,320.0,1.91,8960.0,640.0,0.0,0.0,320.0,8,8,12,147.6,112.4,
DEN_840,youssef_2007,20,20,4,TIME_LIMIT,30215.0,28833.870758,0.04571,TIME_LIMIT,30215.0,28363.241548,0.061286,0.0,0.0,0.0,1851.8,0.0,19400.0,1040.0,0.0,0.0,0.0,10,10,0,300.1,300.2,
DEN_1200,youssef_2007,20,20,4,TIME_LIMIT,43352.0,40765.073249,0.059673,TIME_LIMIT,43352.0,40572.41113,0.064117,0.0,0.0,0.0,2779.6,0.0,27560.0,1112.0,0.0,0.0,0.0,15,15,0,300.1,300.2,
DEN_1400,youssef_2007,20,20,4,TIME_LIMIT,50276.0,47520.61084,0.054805,TIME_LIMIT,50276.0,47211.809139,0.060947,0.0,0.0,0.0,3064.2,0.0,32288.0,1088.0,0.0,0.0,0.0,18,18,0,300.1,300.2,
DEN_1600,youssef_2007,20,20,4,TIME_LIMIT,56674.0,54419.504196,0.03978,TIME_LIMIT,56674.0,53910.858979,0.048755,0.0,0.0,0.0,2763.1,0.0,36880.0,2064.0,0.0,0.0,0.0,18,18,2,300.1,300.1,
DEN_1800,youssef_2007,20,20,4,TIME_LIMIT,64686.0,61423.216602,0.05044,TIME_LIMIT,64686.0,60653.618876,0.062338,0.0,0.0,0.0,4032.4,0.0,41384.0,3832.0,0.0,0.0,0.0,19,19,0,300.1,300.2,
DEN_2000,youssef_2007,20,20,4,TIME_LIMIT,73106.0,68941.154534,0.05697,TIME_LIMIT,72956.0,68241.512238,0.064621,150.0,0.21,0.0,4864.5,0.0,46112.0,6064.0,0.0,150.0,0.0,19,19,3,300.1,300.1,
ZD_840,youssef_2007,20,20,4,TIME_LIMIT,30215.0,29315.179784,0.029781,TIME_LIMIT,29985.0,28315.359122,0.055683,230.0,0.76,0.0,1899.6,0.0,19400.0,1040.0,280.0,-50.0,0.0,10,10,20,300.1,300.4,
ZD_1200,youssef_2007,20,20,4,TIME_LIMIT,42917.0,40728.945582,0.050983,TIME_LIMIT,42867.0,40432.391838,0.056794,50.0,0.12,0.0,2484.6,0.0,27560.0,1112.0,0.0,50.0,0.0,14,14,30,300.0,300.1,
ZD_1600,youssef_2007,20,20,4,TIME_LIMIT,56674.0,54393.378242,0.040241,TIME_LIMIT,56530.0,53719.77452,0.049712,144.0,0.25,0.0,2954.2,0.0,36880.0,2064.0,0.0,0.0,144.0,18,18,51,300.1,300.3,
ZD_2000,youssef_2007,20,20,4,TIME_LIMIT,73482.0,69420.538181,0.055272,TIME_LIMIT,73252.0,68231.178018,0.068542,230.0,0.31,0.0,5250.8,0.0,46112.0,6160.0,0.0,-50.0,280.0,20,20,49,300.1,300.2,
T_2p_alt,youssef_2007,15,20,4,OPTIMAL,28825.0,28825.0,0.0,TIME_LIMIT,28795.0,27490.396256,0.045307,30.0,0.1,30.0,1334.6,0.1,17920.0,1360.0,0.0,-50.0,80.0,10,10,22,135.9,240.7,
T_2p_grad,youssef_2007,15,20,4,TIME_LIMIT,28721.0,28314.244993,0.014162,TIME_LIMIT,28721.0,27267.417694,0.05061,0.0,0.0,0.0,1453.6,0.0,17856.0,1320.0,0.0,0.0,0.0,10,10,18,240.0,240.3,
T_3p_alt,youssef_2007,15,20,4,OPTIMAL,28785.0,28785.0,0.0,TIME_LIMIT,28755.0,27757.402037,0.034693,30.0,0.1,30.0,1027.6,0.1,18464.0,776.0,0.0,-50.0,80.0,10,10,22,81.1,240.2,
T_3p_grad,youssef_2007,15,20,4,TIME_LIMIT,29567.0,28603.978839,0.032571,TIME_LIMIT,29567.0,27464.031511,0.071126,0.0,0.0,0.0,2103.0,0.0,18200.0,1032.0,0.0,0,0.0,10,10,20,240.0,240.3,
T_5p_grad,youssef_2007,15,20,4,TIME_LIMIT,28697.0,27665.287014,0.035952,TIME_LIMIT,28671.0,26448.398223,0.077521,26.0,0.09,0.0,2248.6,0.0,17280.0,-128.0,0.0,50.0,-24.0,12,12,21,240.0,240.2,
T_5p_alt,youssef_2007,15,20,4,TIME_LIMIT,28721.0,27689.453095,0.035916,TIME_LIMIT,28721.0,26519.865342,0.076639,0.0,0.0,0.0,2201.1,0.0,17824.0,1352.0,0.0,0.0,0.0,10,10,18,240.0,240.1,
W_bal12,youssef_2007,12,20,4,OPTIMAL,11849.0,11849.0,0.0,TIME_LIMIT,11849.0,11252.323242,0.050357,0.0,0.0,0.0,596.7,0.0,6512.0,352.0,0.0,0,0.0,6,6,6,73.9,240.2,
W_d40_15,youssef_2007,15,20,4,OPTIMAL,15595.0,15595.0,0.0,TIME_LIMIT,15595.0,14251.624187,0.086141,0.0,0.0,0.0,1343.4,0.0,8320.0,1280.0,0.0,0.0,0.0,7,7,15,140.9,240.3,
W_d40_20,youssef_2007,20,20,4,TIME_LIMIT,16235.0,15426.199444,0.049818,TIME_LIMIT,16235.0,14569.947212,0.102559,0.0,0.0,0.0,1665.1,0.0,8960.0,1280.0,0.0,0.0,0.0,7,7,10,240.1,240.2,
W_d80_12,youssef_2007,12,20,4,TIME_LIMIT,29405.0,29075.115504,0.011219,TIME_LIMIT,29365.0,27903.600647,0.049767,40.0,0.14,0.0,1501.4,0.0,17920.0,1600.0,-170.0,50.0,160.0,11,11,23,240.1,240.2,
W_3p_15,youssef_2007,15,20,4,TIME_LIMIT,15593.0,15088.084411,0.032381,TIME_LIMIT,15593.0,13958.384837,0.10483,0.0,0.0,0.0,1634.6,0.0,8536.0,252.0,0.0,0.0,0.0,8,8,14,240.0,240.3,
W_5p_20,youssef_2007,20,20,4,TIME_LIMIT,14259.0,12616.145333,0.115215,TIME_LIMIT,14167.0,12095.018696,0.146254,92.0,0.65,0.0,2164.0,0.0,7208.0,1056.0,0.0,0.0,92.0,7,7,21,240.1,240.2,
F_5p_20,youssef_2007,20,20,4,TIME_LIMIT,14259.0,13438.703547,0.057528,TIME_LIMIT,14163.0,12261.702262,0.134244,96.0,0.67,0.0,1997.3,0.0,7208.0,1056.0,0.0,0.0,96.0,7,7,21,1500.0,1500.3,
C_LP2,youssef_2007,12,15,4,OPTIMAL,11265.0,11265.0,0.0,OPTIMAL,11265.0,11265.0,0.0,0.0,0.0,0.0,0.0,0.0,7040.0,0.0,0.0,0.0,0.0,5,5,4,2.7,8.2,
C_LP3,youssef_2007,12,20,4,OPTIMAL,15595.0,15595.0,0.0,TIME_LIMIT,15275.0,14803.534583,0.030865,320.0,2.05,320.0,791.5,2.05,8960.0,640.0,0.0,0.0,320.0,7,7,9,170.9,240.1,
C_LP4,youssef_2007,12,21,4,TIME_LIMIT,20445.0,20304.621302,0.006866,TIME_LIMIT,20445.0,19657.424242,0.038522,0.0,0.0,0.0,787.6,0.0,10880.0,640.0,0.0,0.0,0.0,10,10,0,240.1,240.1,
C_LP5,youssef_2007,12,22,4,TIME_LIMIT,25395.0,23265.728904,0.083846,TIME_LIMIT,25395.0,22968.233463,0.095561,0.0,0.0,0.0,2426.8,0.0,12800.0,2560.0,0.0,0.0,0.0,11,11,0,240.0,240.1,
